3.6689124,0,0.12,17.01,-0.009491506,1.5707964,0,0,0.01,8.32,-0.00059999997,0,0
3.6727738,0,0.12,17.01,-0.009491506,1.5707964,0,0,3.6011114,8.32,-0.0003844794,0,0
3.6766348,0,0.12,17.01,-0.009491506,1.5707964,0,0,9.777701,8.32,-0.000013791374,0,0
3.6804962,0,0.1415694,17.01,-0.009491506,1.5707964,0,0,15.93029,8.32,0.0002784342,0,0
3.6843572,0,0.192539,17.01,-0.009491506,1.5707964,0,0,22.051277,8.32,0.0004637782,0,0
3.6882186,0,0.25700948,17.01,-0.009491506,1.5707964,0,0,28.15829,8.32,0.00062455406,0,0
3.6920795,0,0.3589487,17.01,-0.009491506,1.5707964,0,0,34.22831,8.32,0.00071722607,0,0
3.6959405,0,0.46632037,17.01,-0.009491506,1.5707964,0,0,40.292427,8.32,0.00080494554,0,0
3.6998014,0,0.6192175,17.01,-0.009491506,1.5707964,0,0,46.311016,8.32,0.000851278,0,0
3.7036624,0,0.7721147,17.01,-0.009491506,1.5707964,0,0,52.329605,8.32,0.0008976105,0,0
3.7075233,0,0.9733494,17.01,-0.009491506,1.5707964,0,0,58.299862,8.32,0.0009,0,0
3.7113848,0,1.1772122,17.01,-0.009491506,1.5707964,0,0,64.26749,8.32,0.0009,0,0
3.7169764,0,1.4213634,17.01,-0.009491506,1.5707964,0,0,70.19529,8.32,0.0009,0,0
3.7221494,0,1.7941189,17.01,-0.009491506,1.5707964,0,0,78.759766,8.32,0.0009,0,0
3.7263594,0,2.1976068,17.01,-0.009491506,1.5707964,0,0,86.61846,8.32,0.0009,0,0
3.7306893,0,2.54393,17.01,-0.009491506,1.5707964,0,0,92.996475,8.32,0.0009,0,0
3.7356749,0,2.9388285,17.01,-0.009491506,1.5707964,0,0,99.5175,8.32,0.0009,0,0
3.7395358,0,3.4216175,17.01,-0.009491506,1.5707964,0,0,106.995026,8.32,0.0009,0,0
3.7433972,0,3.8200774,17.01,-0.009491506,1.5707964,0,0,112.75879,8.32,0.0009,0,0
3.7472587,0,4.241407,17.01,-0.009491506,1.5707964,0,0,118.50015,8.32,0.0009,0,0
3.7515197,0,4.6908655,17.01,-0.009491506,1.5707964,0,0,124.21338,8.32,0.0009,0,0
3.7555654,0,5.2050757,17.01,-0.009491506,1.5707964,0,0,130.49971,8.32,0.0009,0,0
3.7602532,0,5.7245374,17.01,-0.009491506,1.5707964,0,0,136.4371,8.32,0.0009,0,0
3.7641141,0,6.3494897,17.01,-0.009491506,1.5707964,0,0,143.29164,8.32,0.0009,0,0
3.7679756,0,6.89158,17.01,-0.009491506,1.5707964,0,0,148.90714,8.32,0.0009,0,0
3.771837,0,7.4494133,17.01,-0.009491506,1.5707964,0,0,154.50735,8.32,0.0009,0,0
3.775698,0,8.03788,17.01,-0.009491506,1.5707964,0,0,160.07695,8.32,0.0009,0,0
3.7795594,0,8.634673,17.01,-0.009491506,1.5707964,0,0,165.63774,8.32,0.0009,0,0
3.7834203,0,9.269476,17.01,-0.009491506,1.5707964,0,0,171.161,8.32,0.0009,0,0
3.7872813,0,9.90527,17.01,-0.009491506,1.5707964,0,0,176.68279,8.32,0.00089896115,0,0
3.7911422,0,10.586357,17.01,-0.009491506,1.5707964,0,0,182.15929,8.32,0.0008526287,0,0
3.7950032,0,11.267446,17.01,-0.009491506,1.5707964,0,0,187.63577,8.32,0.0008062962,0,0
3.7988768,0,11.988569,17.01,-0.009491506,1.5707964,0,0,193.06824,8.32,0.0008,0,0
3.8027382,0,12.718359,17.01,-0.009491506,1.5707964,0,0,198.51146,8.32,0.0008,0,0
3.8065991,0,13.47869,17.01,-0.009491506,1.5707964,0,0,203.90454,8.32,0.0008,0,0
3.81046,0,14.252443,17.01,-0.009491506,1.5707964,0,0,209.28375,8.32,0.0008,0,0
3.814321,0,15.049164,17.01,-0.009491506,1.5707964,0,0,214.63744,8.32,0.0008,0,0
3.8181825,0,15.864615,17.01,-0.009491506,1.5707964,0,0,219.97029,8.32,0.0008,0,0
3.8220434,0,16.698318,17.01,-0.009491506,1.5707964,0,0,225.2872,8.32,0.0008,0,0
3.8259048,0,17.560102,17.01,-0.009491506,1.5707964,0,0,230.57837,8.32,0.0008,0,0
3.8297663,0,18.43281,17.01,-0.009491506,1.5707964,0,0,235.85909,8.32,0.0008,0,0
3.8336277,0,19.340996,17.01,-0.009491506,1.5707964,0,0,241.10432,8.32,0.0008,0,0
3.8414352,0,21.202175,17.01,-0.009491506,1.5707964,0,0,251.54453,8.32,0.0008,0,0
3.8455904,0,22.173006,17.01,-0.009491506,1.5707964,0,0,256.85806,8.32,0.0008,0,0
3.849506,0,23.237528,17.01,-0.009491506,1.5707964,0,0,262.40536,8.32,0.0008,0,0
3.8533673,0,24.243017,17.01,-0.009491506,1.5707964,0,0,267.6302,8.32,0.0008,0,0
3.8572283,0,25.27501,17.01,-0.009491506,1.5707964,0,0,272.74637,8.32,0.00075959775,0,0
3.8610892,0,26.312857,17.01,-0.009491506,1.5707964,0,0,277.85684,8.32,0.0007132652,0,0
3.8649502,0,27.380465,17.01,-0.009491506,1.5707964,0,0,282.93427,8.32,0.0007,0,0
3.8688111,0,28.460012,17.01,-0.009491506,1.5707964,0,0,287.99838,8.32,0.0007,0,0
3.8726726,0,29.56272,17.01,-0.009491506,1.5707964,0,0,293.03937,8.32,0.0007,0,0
3.876534,0,30.68405,17.01,-0.009491506,1.5707964,0,0,298.0622,8.32,0.0007,0,0
3.8803954,0,31.821945,17.01,-0.009491506,1.5707964,0,0,303.06845,8.32,0.0007,0,0
3.8842564,0,32.984978,17.01,-0.009491506,1.5707964,0,0,308.04956,8.32,0.0007,0,0
3.8881178,0,34.15789,17.01,-0.009491506,1.5707964,0,0,313.02036,8.32,0.0007,0,0
3.8919787,0,35.362625,17.01,-0.009491506,1.5707964,0,0,317.95978,8.32,0.0007,0,0
3.8958402,0,36.570637,17.01,-0.009491506,1.5707964,0,0,322.89508,8.32,0.0007,0,0
3.8997016,0,37.817078,17.01,-0.009491506,1.5707964,0,0,327.78815,8.32,0.0007,0,0
3.9035625,0,39.063515,17.01,-0.009491506,1.5707964,0,0,332.68124,8.32,0.0007,0,0
3.9074667,0,40.34833,17.01,-0.009491506,1.5707964,0,0,337.53546,8.32,0.0007,0,0
3.911328,0,41.65072,17.01,-0.009491506,1.5707964,0,0,342.44052,8.32,0.0007,0,0
3.9151895,0,42.967606,17.01,-0.009491506,1.5707964,0,0,347.25955,8.32,0.0007,0,0
3.919051,0,44.292816,17.01,-0.009491506,1.5707964,0,0,352.06924,8.32,0.0007,0,0
3.9229124,0,45.64377,17.01,-0.009491506,1.5707964,0,0,356.85318,8.32,0.00067139766,0,0
3.9267738,0,47.01068,17.01,-0.009491506,1.5707964,0,0,361.62112,8.32,0.0006250617,0,0
3.9306347,0,48.39674,17.01,-0.009491506,1.5707964,0,0,366.3721,8.32,0.00059999997,0,0
3.9344957,0,49.805244,17.01,-0.009491506,1.5707964,0,0,371.10266,8.32,0.00059999997,0,0
3.9383798,0,51.224903,17.01,-0.009491506,1.5707964,0,0,375.82065,8.32,0.00059999997,0,0
3.9422407,0,52.67913,17.01,-0.009491506,1.5707964,0,0,380.53757,8.32,0.00059999997,0,0
3.9476607,0,54.13021,17.01,-0.009491506,1.5707964,0,0,385.2202,8.32,0.00059999997,0,0
3.9558573,0,56.211437,17.01,-0.009491506,1.5707964,0,0,391.74356,8.32,0.00059999997,0,0
3.9611373,0,59.42219,17.01,-0.009491506,1.5707964,0,0,401.5528,8.32,0.00059999997,0,0
3.9667907,0,61.53365,17.01,-0.009491506,1.5707964,0,0,407.82684,8.32,0.00059999997,0,0
3.9712179,0,63.821037,17.01,-0.009491506,1.5707964,0,0,414.51468,8.32,0.00059999997,0,0
3.97514,0,65.653885,17.01,-0.009491506,1.5707964,0,0,419.7104,8.32,0.00059999997,0,0
3.979025,0,67.27901,17.01,-0.009491506,1.5707964,0,0,424.31195,8.32,0.00059999997,0,0
3.9828863,0,68.92458,17.01,-0.009491506,1.5707964,0,0,428.82913,8.32,0.00059999997,0,0
3.9867477,0,70.56024,17.01,-0.009491506,1.5707964,0,0,433.3191,8.32,0.00059999997,0,0
3.9906087,0,72.232765,17.01,-0.009491506,1.5707964,0,0,437.77628,8.32,0.00059999997,0,0
3.9944696,0,73.909996,17.01,-0.009491506,1.5707964,0,0,442.22882,8.32,0.00059999997,0,0
3.9983375,0,75.614136,17.01,-0.009491506,1.5707964,0,0,446.65448,8.32,0.0005663746,0,0
4.0021987,0,77.33143,17.01,-0.009491506,1.5707964,0,0,451.07767,8.32,0.00051996135,0,0
4.0060596,0,79.064186,17.01,-0.009491506,1.5707964,0,0,455.47205,8.32,0.00049999997,0,0
4.009921,0,80.81092,17.01,-0.009491506,1.5707964,0,0,459.8505,8.32,0.00049999997,0,0
4.0137825,0,82.57302,17.01,-0.009491506,1.5707964,0,0,464.2121,8.32,0.00049999997,0,0
4.017644,0,84.35696,17.01,-0.009491506,1.5707964,0,0,468.54913,8.32,0.00049999997,0,0
4.0215054,0,86.15026,17.01,-0.009491506,1.5707964,0,0,472.8768,8.32,0.00049999997,0,0
4.025367,0,87.97127,17.01,-0.009491506,1.5707964,0,0,477.1768,8.32,0.00049999997,0,0
4.0292277,0,89.79578,17.01,-0.009491506,1.5707964,0,0,481.4737,8.32,0.00049999997,0,0
4.0330887,0,91.65371,17.01,-0.009491506,1.5707964,0,0,485.74094,8.32,0.00049999997,0,0
4.03695,0,93.51164,17.01,-0.009491506,1.5707964,0,0,490.00818,8.32,0.00049999997,0,0
4.040811,0,95.40443,17.01,-0.009491506,1.5707964,0,0,494.24103,8.32,0.00049999997,0,0
4.0446725,0,97.29943,17.01,-0.009491506,1.5707964,0,0,498.47116,8.32,0.00049999997,0,0
4.0485334,0,99.21981,17.01,-0.009491506,1.5707964,0,0,502.6728,8.32,0.00049999997,0,0
4.052395,0,101.14724,17.01,-0.009491506,1.5707964,0,0,506.86588,8.32,0.00049999997,0,0
4.056256,0,103.09779,17.01,-0.009491506,1.5707964,0,0,511.03632,8.32,0.00049999997,0,0
4.060117,0,105.06229,17.01,-0.009491506,1.5707964,0,0,515.1923,8.32,0.00049999997,0,0
4.063978,0,107.041756,17.01,-0.009491506,1.5707964,0,0,519.33124,8.32,0.00049999997,0,0
4.0678396,0,109.03884,17.01,-0.009491506,1.5707964,0,0,523.45056,8.32,0.00049999997,0,0
4.075866,0,113.08132,17.01,-0.009491506,1.5707964,0,0,531.6468,8.32,0.00049999997,0,0
4.079727,0,115.282875,17.01,-0.009491506,1.5707964,0,0,536.04706,8.32,0.00048962166,0,0
4.083588,0,117.349304,17.01,-0.009491506,1.5707964,0,0,540.09656,8.32,0.00044328914,0,0
4.087449,0,119.41786,17.01,-0.009491506,1.5707964,0,0,544.14386,8.32,0.0004,0,0
4.09131,0,121.51672,17.01,-0.009491506,1.5707964,0,0,548.1609,8.32,0.0004,0,0
4.0951715,0,123.615585,17.01,-0.009491506,1.5707964,0,0,552.1779,8.32,0.0004,0,0
4.099033,0,125.74404,17.01,-0.009491506,1.5707964,0,0,556.1616,8.32,0.0004,0,0
4.1028943,0,127.875496,17.01,-0.009491506,1.5707964,0,0,560.1419,8.32,0.0004,0,0
4.1067553,0,130.03473,17.01,-0.009491506,1.5707964,0,0,564.09784,8.32,0.0004,0,0
4.110616,0,132.20308,17.01,-0.009491506,1.5707964,0,0,568.04535,8.32,0.0004,0,0
4.114477,0,134.39061,17.01,-0.009491506,1.5707964,0,0,571.9737,8.32,0.0004,0,0
4.118338,0,136.5914,17.01,-0.009491506,1.5707964,0,0,575.8888,8.32,0.0004,0,0
4.1221995,0,138.80623,17.01,-0.009491506,1.5707964,0,0,579.78784,8.32,0.0004,0,0
4.1260605,0,141.03963,17.01,-0.009491506,1.5707964,0,0,583.6662,8.32,0.0004,0,0
4.129922,0,143.28175,17.01,-0.009491506,1.5707964,0,0,587.5353,8.32,0.0004,0,0
4.133783,0,145.54759,17.01,-0.009491506,1.5707964,0,0,591.38116,8.32,0.0004,0,0
4.137644,0,147.81702,17.01,-0.009491506,1.5707964,0,0,595.223,8.32,0.0004,0,0
4.1415052,0,150.1151,17.01,-0.009491506,1.5707964,0,0,599.0362,8.32,0.0004,0,0
4.1453667,0,152.41336,17.01,-0.009491506,1.5707964,0,0,602.8497,8.32,0.0004,0,0
4.149228,0,154.74269,17.01,-0.009491506,1.5707964,0,0,606.632,8.32,0.0004,0,0
4.153089,0,157.0734,17.01,-0.009491506,1.5707964,0,0,610.413,8.32,0.0004,0,0
4.1569505,0,159.42615,17.01,-0.009491506,1.5707964,0,0,614.16785,8.32,0.0004,0,0
4.160812,0,161.78465,17.01,-0.009491506,1.5707964,0,0,617.91644,8.32,0.0004,0,0
4.164673,0,164.16397,17.01,-0.009491506,1.5707964,0,0,621.6442,8.32,0.00037027174,0,0
4.168534,0,166.55472,17.01,-0.009491506,1.5707964,0,0,625.36005,8.32,0.00032393925,0,0
4.172395,0,168.96115,17.01,-0.009491506,1.5707964,0,0,629.06024,8.32,0.00029999999,0,0
4.1762567,0,171.38454,17.01,-0.009491506,1.5707964,0,0,632.74396,8.32,0.00029999999,0,0
4.1832876,0,173.81694,17.01,-0.009491506,1.5707964,0,0,636.4171,8.32,0.00029999999,0,0
4.192044,0,178.28006,17.01,-0.009491506,1.5707964,0,0,643.06537,8.32,0.00029999999,0,0
4.2004843,0,183.91425,17.01,-0.009491506,1.5707964,0,0,651.27924,8.32,0.00029999999,0,0
4.210617,0,189.40808,17.01,-0.009491506,1.5707964,0,0,659.125,8.32,0.00029999999,0,0
4.217814,0,196.09985,17.01,-0.009491506,1.5707964,0,0,668.4467,8.32,0.00029999999,0,0
4.222714,0,200.90262,17.01,-0.009491506,1.5707964,0,0,675.01794,8.32,0.00029999999,0,0
4.229439,0,204.20715,17.01,-0.009491506,1.5707964,0,0,679.4573,8.32,0.00029999999,0,0
4.234699,0,208.77425,17.01,-0.009491506,1.5707964,0,0,685.51794,8.32,0.00029999999,0,0
4.240253,0,212.36935,17.01,-0.009491506,1.5707964,0,0,690.23425,8.32,0.00029999999,0,0
4.246195,0,216.19525,17.01,-0.009491506,1.5707964,0,0,695.17993,8.32,0.00029999999,0,0
4.251692,0,220.32076,17.01,-0.009491506,1.5707964,0,0,700.4382,8.32,0.00029999999,0,0
4.2574973,0,224.16072,17.01,-0.009491506,1.5707964,0,0,705.28076,8.32,0.00029999999,0,0
4.2616906,0,228.25009,17.01,-0.009491506,1.5707964,0,0,710.36633,8.32,0.00029999999,0,0
4.265552,0,231.22787,17.01,-0.009491506,1.5707964,0,0,714.01135,8.32,0.00025973227,0,0
4.2695084,0,233.97559,17.01,-0.009491506,1.5707964,0,0,717.3614,8.32,0.00021339627,0,0
4.280362,0,236.81143,17.01,-0.009491506,1.5707964,0,0,720.77356,8.32,0.0002,0,0
4.2855744,0,244.6517,17.01,-0.009491506,1.5707964,0,0,730.07355,8.32,0.0002,0,0
4.2896376,0,248.45183,17.01,-0.009491506,1.5707964,0,0,734.5044,8.32,0.0002,0,0
4.2941175,0,251.43076,17.01,-0.009491506,1.5707964,0,0,737.94165,8.32,0.0002,0,0
4.298371,0,254.73006,17.01,-0.009491506,1.5707964,0,0,741.7139,8.32,0.0002,0,0
4.302363,0,257.87415,17.01,-0.009491506,1.5707964,0,0,745.2816,8.32,0.0002,0,0
4.3062677,0,260.8421,17.01,-0.009491506,1.5707964,0,0,748.6132,8.32,0.0002,0,0
4.31119,0,263.75674,17.01,-0.009491506,1.5707964,0,0,751.86053,8.32,0.0002,0,0
4.3155055,0,267.45123,17.01,-0.009491506,1.5707964,0,0,755.93335,8.32,0.0002,0,0
4.3195515,0,270.7033,17.01,-0.009491506,1.5707964,0,0,759.49097,8.32,0.0002,0,0
4.324254,0,273.7731,17.01,-0.009491506,1.5707964,0,0,762.8057,8.32,0.0002,0,0
4.3281655,0,277.35095,17.01,-0.009491506,1.5707964,0,0,766.6488,8.32,0.0002,0,0
4.332287,0,280.34592,17.01,-0.009491506,1.5707964,0,0,769.82263,8.32,0.0002,0,0
4.3361664,0,283.506,17.01,-0.009491506,1.5707964,0,0,773.16077,8.32,0.0002,0,0
4.340028,0,286.50116,17.01,-0.009491506,1.5707964,0,0,776.2827,8.32,0.0002,0,0
4.3438888,0,289.48984,17.01,-0.009491506,1.5707964,0,0,779.3826,8.32,0.0002,0,0
4.3477497,0,292.49426,17.01,-0.009491506,1.5707964,0,0,782.46893,8.32,0.0002,0,0
4.3516107,0,295.51053,17.01,-0.009491506,1.5707964,0,0,785.54535,8.32,0.0002,0,0
4.3554716,0,298.5364,17.01,-0.009491506,1.5707964,0,0,788.6102,8.32,0.0002,0,0
4.359333,0,301.57584,17.01,-0.009491506,1.5707964,0,0,791.65894,8.32,0.0002,0,0
4.363194,0,304.62265,17.01,-0.009491506,1.5707964,0,0,794.7007,8.32,0.0002,0,0
4.367055,0,307.68985,17.01,-0.009491506,1.5707964,0,0,797.72156,8.32,0.0002,0,0
4.370916,0,310.7594,17.01,-0.009491506,1.5707964,0,0,800.7401,8.32,0.0001953612,0,0
4.374777,0,313.84976,17.01,-0.009491506,1.5707964,0,0,803.73785,8.32,0.00014902872,0,0
4.3786383,0,316.94016,17.01,-0.009491506,1.5707964,0,0,806.73553,8.32,0.0001026962,0,0
4.3824997,0,320.05258,17.01,-0.009491506,1.5707964,0,0,809.7073,8.32,0.0001,0,0
4.3863606,0,323.16638,17.01,-0.009491506,1.5707964,0,0,812.6774,8.32,0.0001,0,0
4.3902216,0,326.3017,17.01,-0.009491506,1.5707964,0,0,815.6292,8.32,0.0001,0,0
4.394083,0,329.44305,17.01,-0.009491506,1.5707964,0,0,818.5759,8.32,0.0001,0,0
4.3979445,0,332.5991,17.01,-0.009491506,1.5707964,0,0,821.50555,8.32,0.0001,0,0
4.401806,0,335.76385,17.01,-0.009491506,1.5707964,0,0,824.4247,8.32,0.0001,0,0
4.405667,0,338.93942,17.01,-0.009491506,1.5707964,0,0,827.333,8.32,0.0001,0,0
4.409528,0,342.1271,17.01,-0.009491506,1.5707964,0,0,830.2288,8.32,0.0001,0,0
4.413389,0,345.32336,17.01,-0.009491506,1.5707964,0,0,833.11743,8.32,0.0001,0,0
4.41725,0,348.5391,17.01,-0.009491506,1.5707964,0,0,835.9903,8.32,0.0001,0,0
4.4211116,0,351.75806,17.01,-0.009491506,1.5707964,0,0,838.8587,8.32,0.0001,0,0
4.4249725,0,354.99692,17.01,-0.009491506,1.5707964,0,0,841.70374,8.32,0.0001,0,0
4.4288335,0,358.23557,17.01,-0.009491506,1.5707964,0,0,844.5486,8.32,0.0001,0,0
4.4326944,0,361.4972,17.01,-0.009491506,1.5707964,0,0,847.37036,8.32,0.0001,0,0
4.4365554,0,364.759,17.01,-0.009491506,1.5707964,0,0,850.192,8.32,0.0001,0,0
4.4404163,0,368.04013,17.01,-0.009491506,1.5707964,0,0,852.9943,8.32,0.0001,0,0
4.444278,0,371.3251,17.01,-0.009491506,1.5707964,0,0,855.7928,8.32,0.0001,0,0
4.4481387,0,374.626,17.01,-0.009491506,1.5707964,0,0,858.57587,8.32,0.0001,0,0
4.452,0,377.93414,17.01,-0.009491506,1.5707964,0,0,861.3512,8.32,0.0001,0,0
4.455861,0,381.25455,17.01,-0.009491506,1.5707964,0,0,864.1123,8.32,0.0001,0,0
4.459722,0,384.58585,17.01,-0.009491506,1.5707964,0,0,866.85986,8.32,0.0001,0,0
4.4635835,0,387.92548,17.01,-0.009491506,1.5707964,0,0,869.599,8.32,0.0001,0,0
4.4674444,0,391.28018,17.01,-0.009491506,1.5707964,0,0,872.3236,8.32,0.0001,0,0
4.471306,0,394.6393,17.01,-0.009491506,1.5707964,0,0,875.0433,8.32,0.0001,0,0
4.475167,0,398.0172,17.01,-0.009491506,1.5707964,0,0,877.7446,8.32,0.0001,0,0
4.479028,0,401.39587,17.01,-0.009491506,1.5707964,0,0,880.4448,8.32,0.0001,0,0
4.482889,0,404.7969,17.01,-0.009491506,1.5707964,0,0,883.12305,8.32,0.0001,0,0
4.4867506,0,408.19772,17.01,-0.009491506,1.5707964,0,0,885.8011,8.32,0.0001,0,0
4.4906116,0,411.61517,17.01,-0.009491506,1.5707964,0,0,888.4588,8.32,0.0000590083,0,0
4.4944725,0,415.03452,17.01,-0.009491506,1.5707964,0,0,891.11365,8.32,0.000012675824,0,0
4.4983335,0,418.47067,17.01,-0.009491506,1.5707964,0,0,893.75165,8.32,0,0,0
4.502195,0,421.91318,17.01,-0.009491506,1.5707964,0,0,896.38336,8.32,0,0,0
4.5060563,0,425.3691,17.01,-0.009491506,1.5707964,0,0,899.0047,8.32,0,0,0
4.5099177,0,428.83505,17.01,-0.009491506,1.5707964,0,0,901.61804,8.32,0,0,0
4.513779,0,432.3105,17.01,-0.009491506,1.5707964,0,0,904.2219,8.32,0,0,0
4.51764,0,435.7996,17.01,-0.009491506,1.5707964,0,0,906.81213,8.32,0,0,0
4.5215015,0,439.2931,17.01,-0.009491506,1.5707964,0,0,909.3963,8.32,0,0,0
4.5253625,0,442.80072,17.01,-0.009491506,1.5707964,0,0,911.96326,8.32,0,0,0
4.529224,0,446.31024,17.01,-0.009491506,1.5707964,0,0,914.5279,8.32,0,0,0
4.5330853,0,449.84103,17.01,-0.009491506,1.5707964,0,0,917.0718,8.32,0,0,0
4.5369463,0,453.37186,17.01,-0.009491506,1.5707964,0,0,919.6156,8.32,0,0,0
4.5408072,0,456.9197,17.01,-0.009491506,1.5707964,0,0,922.1419,8.32,0,0,0
4.5446687,0,460.46878,17.01,-0.009491506,1.5707964,0,0,924.66705,8.32,0,0,0
4.5485296,0,464.03613,17.01,-0.009491506,1.5707964,0,0,927.1744,8.32,0,0,0
4.553229,0,467.60837,17.01,-0.009491506,1.5707964,0,0,929.67633,8.32,0,0,0
4.558395,0,471.9755,17.01,-0.009491506,1.5707964,0,0,932.7021,8.32,0,0,0
4.5622563,0,476.78653,17.01,-0.009491506,1.5707964,0,0,936.0185,8.32,0,0,0
4.5661173,0,480.40076,17.01,-0.009491506,1.5707964,0,0,938.47894,8.32,0,0,0
4.569978,0,484.01468,17.01,-0.009491506,1.5707964,0,0,940.93915,8.32,0,0,0
4.573839,0,487.6445,17.01,-0.009491506,1.5707964,0,0,943.3796,8.32,0,0,0
4.5777006,0,491.27698,17.01,-0.009491506,1.5707964,0,0,945.81665,8.32,0,0,0
4.5815616,0,494.9259,17.01,-0.009491506,1.5707964,0,0,948.24097,8.32,0,0,0
4.585423,0,498.58154,17.01,-0.009491506,1.5707964,0,0,950.6595,8.32,0,0,0
4.589284,0,502.24747,17.01,-0.009491506,1.5707964,0,0,953.06573,8.32,0,0,0
4.5931454,0,505.92166,17.01,-0.009491506,1.5707964,0,0,955.4611,8.32,0,0,0
4.5970063,0,509.60318,17.01,-0.009491506,1.5707964,0,0,957.8496,8.32,0,0,0
4.6047287,0,516.9941,17.01,-0.009491506,1.5707964,0,0,962.5983,8.32,0,0,0
4.60859,0,520.7099,17.01,-0.009491506,1.5707964,0,0,964.95197,8.32,0,0,0
4.6124516,0,524.4273,17.01,-0.009491506,1.5707964,0,0,967.3046,8.32,0,0,0
4.6163125,0,528.162,17.01,-0.009491506,1.5707964,0,0,969.63995,8.32,0,0,0
4.620174,0,531.89636,17.01,-0.009491506,1.5707964,0,0,971.97516,8.32,0,0,0
4.6240354,0,535.6479,17.01,-0.009491506,1.5707964,0,0,974.29364,8.32,0,0,0
4.627897,0,539.4011,17.01,-0.009491506,1.5707964,0,0,976.6105,8.32,0,0,0
4.631758,0,543.1682,17.01,-0.009491506,1.5707964,0,0,978.90985,8.32,0,0,0
4.635619,0,546.93994,17.01,-0.009491506,1.5707964,0,0,981.2035,8.32,0,0,0
4.6394806,0,550.7224,17.01,-0.009491506,1.5707964,0,0,983.48596,8.32,0,0,0
4.6433415,0,554.5127,17.01,-0.009491506,1.5707964,0,0,985.76105,8.32,0,0,0
4.6472025,0,558.31274,17.01,-0.009491506,1.5707964,0,0,988.02795,8.32,0,0,0
4.651064,0,562.1259,17.01,-0.009491506,1.5707964,0,0,990.28436,8.32,0,0,0
4.6549253,0,565.94446,17.01,-0.009491506,1.5707964,0,0,992.5358,8.32,0,0,0
4.6587863,0,569.7764,17.01,-0.009491506,1.5707964,0,0,994.77386,8.32,0,0,0
4.6626477,0,573.6103,17.01,-0.009491506,1.5707964,0,0,997.0096,8.32,0,0,0
4.666509,0,577.4611,17.01,-0.009491506,1.5707964,0,0,999.2292,8.32,0,0,0
4.6703706,0,581.31165,17.01,-0.009491506,1.5707964,0,0,1001.4487,8.32,0,0,0
4.674232,0,585.17993,17.01,-0.009491506,1.5707964,0,0,1003.646,8.32,0,0,0
4.678093,0,589.049,17.01,-0.009491506,1.5707964,0,0,1005.8423,8.32,0,0,0
4.681954,0,592.9326,17.01,-0.009491506,1.5707964,0,0,1008.0236,8.32,0,0,0
4.6858153,0,596.8199,17.01,-0.009491506,1.5707964,0,0,1010.20123,8.32,0,0,0
4.6896763,0,600.7164,17.01,-0.009491506,1.5707964,0,0,1012.3671,8.32,0,0,0
4.693537,0,604.6176,17.01,-0.009491506,1.5707964,0,0,1014.52625,8.32,0,0,0
4.697398,0,608.5278,17.01,-0.009491506,1.5707964,0,0,1016.67633,8.32,0,0,0
4.701259,0,612.4475,17.01,-0.009491506,1.5707964,0,0,1018.8169,8.32,0,0,0
4.7051206,0,616.3732,17.01,-0.009491506,1.5707964,0,0,1020.9514,8.32,0,0,0
4.708982,0,620.3118,17.01,-0.009491506,1.5707964,0,0,1023.0736,8.32,0,0,0
4.713351,0,624.2535,17.01,-0.009491506,1.5707964,0,0,1025.1927,8.32,0,0,0
4.717689,0,628.7308,17.01,-0.009491506,1.5707964,0,0,1027.5729,8.32,0,0,0
4.721552,0,633.1815,17.01,-0.009491506,1.5707964,0,0,1029.9327,8.32,0,0,0
4.725413,0,637.1586,17.01,-0.009491506,1.5707964,0,0,1032.0233,8.32,0,0,0
4.7292743,0,641.1359,17.01,-0.009491506,1.5707964,0,0,1034.1108,8.32,0,0,0
4.7331357,0,645.13007,17.01,-0.009491506,1.5707964,0,0,1036.1821,8.32,0,0,0
4.7370796,0,649.1242,17.01,-0.009491506,1.5707964,0,0,1038.2533,8.32,0,0,0
4.740941,0,653.2172,17.01,-0.009491506,1.5707964,0,0,1040.3508,8.32,0,0,0
4.7448025,0,657.2253,17.01,-0.009491506,1.5707964,0,0,1042.4034,8.32,0,0,0
4.7486634,0,661.2484,17.01,-0.009491506,1.5707964,0,0,1044.441,8.32,0,0,0
4.7525244,0,665.2747,17.01,-0.009491506,1.5707964,0,0,1046.4751,8.32,0,0,0
4.7563853,0,669.3131,17.01,-0.009491506,1.5707964,0,0,1048.497,8.32,0,0,0
4.7602463,0,673.3579,17.01,-0.009491506,1.5707964,0,0,1050.5125,8.32,0,0,0
4.764107,0,677.4096,17.01,-0.009491506,1.5707964,0,0,1052.5211,8.32,0,0,0
4.7679687,0,681.4684,17.01,-0.009491506,1.5707964,0,0,1054.5226,8.32,0,0,0
4.77183,0,685.5336,17.01,-0.009491506,1.5707964,0,0,1056.5181,8.32,0,0,0
4.775691,0,689.6112,17.01,-0.009491506,1.5707964,0,0,1058.5012,8.32,0,0,0
4.779552,0,693.6909,17.01,-0.009491506,1.5707964,0,0,1060.481,8.32,0,0,0
4.783413,0,697.7821,17.01,-0.009491506,1.5707964,0,0,1062.4456,8.32,0,0,0
4.787274,0,701.87366,17.01,-0.009491506,1.5707964,0,0,1064.4097,8.32,0,0,0
4.791135,0,705.98334,17.01,-0.009491506,1.5707964,0,0,1066.3604,8.32,0,0,0
4.7949963,0,710.093,17.01,-0.009491506,1.5707964,0,0,1068.3109,8.32,0,0,0
4.7988577,0,714.215,17.01,-0.009491506,1.5707964,0,0,1070.2456,8.32,0,0,0
4.802719,0,718.3389,17.01,-0.009491506,1.5707964,0,0,1072.1779,8.32,0,0,0
4.80658,0,722.4759,17.01,-0.009491506,1.5707964,0,0,1074.097,8.32,0,0,0
4.810441,0,726.61804,17.01,-0.009491506,1.5707964,0,0,1076.0106,8.32,0,0,0
4.814302,0,730.76776,17.01,-0.009491506,1.5707964,0,0,1077.9165,8.32,0,0,0
4.818163,0,734.92377,17.01,-0.009491506,1.5707964,0,0,1079.8162,8.32,0,0,0
4.822024,0,739.0869,17.01,-0.009491506,1.5707964,0,0,1081.7086,8.32,0,0,0
4.8258853,0,743.2615,17.01,-0.009491506,1.5707964,0,0,1083.5897,8.32,0,0,0
4.8297462,0,747.4396,17.01,-0.009491506,1.5707964,0,0,1085.4677,8.32,0,0,0
4.8336077,0,751.628,17.01,-0.009491506,1.5707964,0,0,1087.335,8.32,0,0,0
4.8374686,0,755.8181,17.01,-0.009491506,1.5707964,0,0,1089.2009,8.32,0,0,0
4.8413296,0,760.0251,17.01,-0.009491506,1.5707964,0,0,1091.0496,8.32,0,0,0
4.845191,0,764.23206,17.01,-0.009491506,1.5707964,0,0,1092.8983,8.32,0,0,0
4.849052,0,768.4521,17.01,-0.009491506,1.5707964,0,0,1094.7344,8.32,0,0,0
4.852913,0,772.673,17.01,-0.009491506,1.5707964,0,0,1096.5692,8.32,0,0,0
4.8567743,0,776.90436,17.01,-0.009491506,1.5707964,0,0,1098.3936,8.32,0,0,0
4.8606358,0,781.13947,17.01,-0.009491506,1.5707964,0,0,1100.2145,8.32,0,0,0
4.864497,0,785.3829,17.01,-0.009491506,1.5707964,0,0,1102.0244,8.32,0,0,0
4.868358,0,789.63184,17.01,-0.009491506,1.5707964,0,0,1103.8269,8.32,0,0,0
4.872219,0,793.8887,17.01,-0.009491506,1.5707964,0,0,1105.6232,8.32,0,0,0
4.8760805,0,798.1559,17.01,-0.009491506,1.5707964,0,0,1107.4116,8.32,0,0,0
4.879942,0,802.4273,17.01,-0.009491506,1.5707964,0,0,1109.1963,8.32,0,0,0
4.8838034,0,806.70874,17.01,-0.009491506,1.5707964,0,0,1110.971,8.32,0,0,0
4.8876643,0,810.9919,17.01,-0.009491506,1.5707964,0,0,1112.7434,8.32,0,0,0
4.8915257,0,815.2869,17.01,-0.009491506,1.5707964,0,0,1114.4994,8.32,0,0,0
4.8953867,0,819.5823,17.01,-0.009491506,1.5707964,0,0,1116.2555,8.32,0,0,0
4.899248,0,823.8907,17.01,-0.009491506,1.5707964,0,0,1117.998,8.32,0,0,0
4.903109,0,828.19995,17.01,-0.009491506,1.5707964,0,0,1119.7404,8.32,0,0,0
4.90697,0,832.5201,17.01,-0.009491506,1.5707964,0,0,1121.4712,8.32,0,0,0
4.9108315,0,836.8429,17.01,-0.009491506,1.5707964,0,0,1123.1995,8.32,0,0,0
4.914693,0,841.17804,17.01,-0.009491506,1.5707964,0,0,1124.9188,8.32,0,0,0
4.918554,0,845.5197,17.01,-0.009491506,1.5707964,0,0,1126.6333,8.32,0,0,0
4.922415,0,849.86786,17.01,-0.009491506,1.5707964,0,0,1128.3385,8.32,0,0,0
4.92628,0,854.2231,17.01,-0.009491506,1.5707964,0,0,1130.0342,8.32,0,0,0
4.9301414,0,858.5875,17.01,-0.009491506,1.5707964,0,0,1131.7272,8.32,0,0,0
4.9340024,0,862.95703,17.01,-0.009491506,1.5707964,0,0,1133.4092,8.32,0,0,0
4.937864,0,867.3286,17.01,-0.009491506,1.5707964,0,0,1135.0886,8.32,0,0,0
4.941725,0,871.712,17.01,-0.009491506,1.5707964,0,0,1136.7567,8.32,0,0,0
4.9466257,0,876.0953,17.01,-0.009491506,1.5707964,0,0,1138.4246,8.32,0,0,0
4.9507174,0,881.67633,17.01,-0.009491506,1.5707964,0,0,1140.524,8.32,0,0,0
4.954579,0,886.3384,17.01,-0.009491506,1.5707964,0,0,1142.2743,8.32,0,0,0
4.9584403,0,890.7496,17.01,-0.009491506,1.5707964,0,0,1143.9147,8.32,0,0,0
4.9623013,0,895.16113,17.01,-0.009491506,1.5707964,0,0,1145.5546,8.32,0,0,0
4.9661627,0,899.5859,17.01,-0.009491506,1.5707964,0,0,1147.1808,8.32,0,0,0
4.970024,0,904.011,17.01,-0.009491506,1.5707964,0,0,1148.8073,8.32,0,0,0
4.973885,0,908.4482,17.01,-0.009491506,1.5707964,0,0,1150.4215,8.32,0,0,0
4.977746,0,912.88684,17.01,-0.009491506,1.5707964,0,0,1152.0339,8.32,0,0,0
4.9821854,0,917.33203,17.01,-0.009491506,1.5707964,0,0,1153.6364,8.32,0,0,0
4.986258,0,922.4463,17.01,-0.009491506,1.5707964,0,0,1155.4742,8.32,0,0,0
4.9911838,0,927.14874,17.01,-0.009491506,1.5707964,0,0,1157.1499,8.32,0,0,0
4.995102,0,932.8409,17.01,-0.009491506,1.5707964,0,0,1159.1714,8.32,0,0,0
4.9989634,0,937.38104,17.01,-0.009491506,1.5707964,0,0,1160.7671,8.32,0,0,0
5.0030694,0,941.8571,17.01,-0.009491506,1.5707964,0,0,1162.3379,8.32,0,0,0
5.0069304,0,946.62775,17.01,-0.009491506,1.5707964,0,0,1163.9971,8.32,-0.000036818736,0,0
5.0107913,0,951.1174,17.01,-0.009491506,1.5707964,0,0,1165.5538,8.32,-0.000083151215,0,0
5.0146523,0,955.6158,17.01,-0.009491506,1.5707964,0,0,1167.1018,8.32,-0.0001,0,0
5.018513,0,960.1193,17.01,-0.009491506,1.5707964,0,0,1168.6447,8.32,-0.0001,0,0
5.0223746,0,964.62946,17.01,-0.009491506,1.5707964,0,0,1170.1809,8.32,-0.0001,0,0
5.0262356,0,969.1472,17.01,-0.009491506,1.5707964,0,0,1171.71,8.32,-0.0001,0,0
5.030097,0,973.6676,17.01,-0.009491506,1.5707964,0,0,1173.236,8.32,-0.0001,0,0
5.033958,0,978.19464,17.01,-0.009491506,1.5707964,0,0,1174.7559,8.32,-0.0001,0,0
5.037819,0,982.7236,17.01,-0.009491506,1.5707964,0,0,1176.2733,8.32,-0.0001,0,0
5.0416803,0,987.26416,17.01,-0.009491506,1.5707964,0,0,1177.7792,8.32,-0.0001,0,0
5.045542,0,991.8051,17.01,-0.009491506,1.5707964,0,0,1179.285,8.32,-0.0001,0,0
5.049403,0,996.36,17.01,-0.009491506,1.5707964,0,0,1180.777,8.32,-0.0001,0,0
5.053264,0,1000.91516,17.01,-0.009491506,1.5707964,0,0,1182.2692,8.32,-0.0001,0,0
5.057125,0,1005.4775,17.01,-0.009491506,1.5707964,0,0,1183.7493,8.32,-0.0001,0,0
5.060986,0,1010.0412,17.01,-0.009491506,1.5707964,0,0,1185.2272,8.32,-0.0001,0,0
5.0648475,0,1014.6145,17.01,-0.009491506,1.5707964,0,0,1186.6989,8.32,-0.0001,0,0
5.0687084,0,1019.1925,17.01,-0.009491506,1.5707964,0,0,1188.1677,8.32,-0.0001,0,0
5.0725694,0,1023.7775,17.01,-0.009491506,1.5707964,0,0,1189.6292,8.32,-0.0001,0,0
5.076431,0,1028.369,17.01,-0.009491506,1.5707964,0,0,1191.084,8.32,-0.0001,0,0
5.080292,0,1032.9644,17.01,-0.009491506,1.5707964,0,0,1192.5338,8.32,-0.0001,0,0
5.084153,0,1037.5656,17.01,-0.009491506,1.5707964,0,0,1193.9749,8.32,-0.0001,0,0
5.088014,0,1042.1693,17.01,-0.009491506,1.5707964,0,0,1195.4128,8.32,-0.0001,0,0
5.0918756,0,1046.784,17.01,-0.009491506,1.5707964,0,0,1196.8398,8.32,-0.0001,0,0
5.0957365,0,1051.3997,17.01,-0.009491506,1.5707964,0,0,1198.2665,8.32,-0.0001,0,0
5.099598,0,1056.0236,17.01,-0.009491506,1.5707964,0,0,1199.6843,8.32,-0.0001,0,0
5.103459,0,1060.648,17.01,-0.009491506,1.5707964,0,0,1201.1022,8.32,-0.0001,0,0
5.10732,0,1065.2844,17.01,-0.009491506,1.5707964,0,0,1202.5076,8.32,-0.0001,0,0
5.1111813,0,1069.9222,17.01,-0.009491506,1.5707964,0,0,1203.9114,8.32,-0.0001,0,0
5.1150427,0,1074.5707,17.01,-0.009491506,1.5707964,0,0,1205.3085,8.32,-0.0001,0,0
5.1189036,0,1079.2228,17.01,-0.009491506,1.5707964,0,0,1206.7032,8.32,-0.0001,0,0
5.1238794,0,1083.88,17.01,-0.009491506,1.5707964,0,0,1208.0897,8.32,-0.0001,0,0
5.128019,0,1089.8867,17.01,-0.009491506,1.5707964,0,0,1209.8691,8.32,-0.0001,0,0
5.133038,0,1094.8949,17.01,-0.009491506,1.5707964,0,0,1211.3422,8.32,-0.0001,0,0
5.1368995,0,1100.9719,17.01,-0.009491506,1.5707964,0,0,1213.1249,8.32,-0.0001,0,0
5.1407604,0,1105.6558,17.01,-0.009491506,1.5707964,0,0,1214.4836,8.32,-0.0001,0,0
5.1446214,0,1110.34,17.01,-0.009491506,1.5707964,0,0,1215.8411,8.32,-0.0001,0,0
5.1484823,0,1115.0313,17.01,-0.009491506,1.5707964,0,0,1217.188,8.32,-0.0001,0,0
5.1523438,0,1119.7247,17.01,-0.009491506,1.5707964,0,0,1218.5317,8.32,-0.0001,0,0
5.156205,0,1124.427,17.01,-0.009491506,1.5707964,0,0,1219.8698,8.32,-0.0001,0,0
5.160066,0,1129.1348,17.01,-0.009491506,1.5707964,0,0,1221.2043,8.32,-0.0001,0,0
5.163927,0,1133.8463,17.01,-0.009491506,1.5707964,0,0,1222.5345,8.32,-0.0001,0,0
5.1677885,0,1138.563,17.01,-0.009491506,1.5707964,0,0,1223.8596,8.32,-0.0001,0,0
5.1716495,0,1143.284,17.01,-0.009491506,1.5707964,0,0,1225.1808,8.32,-0.0001,0,0
5.175511,0,1148.0145,17.01,-0.009491506,1.5707964,0,0,1226.4921,8.32,-0.0001,0,0
5.179372,0,1152.7467,17.01,-0.009491506,1.5707964,0,0,1227.8021,8.32,-0.0001,0,0
5.183233,0,1157.4865,17.01,-0.009491506,1.5707964,0,0,1229.104,8.32,-0.0001,0,0
5.1870937,0,1162.2263,17.01,-0.009491506,1.5707964,0,0,1230.406,8.32,-0.0001,0,0
5.1909547,0,1166.9751,17.01,-0.009491506,1.5707964,0,0,1231.6943,8.32,-0.0001,0,0
5.194816,0,1171.7242,17.01,-0.009491506,1.5707964,0,0,1232.9824,8.32,-0.0001,0,0
5.1986775,0,1176.485,17.01,-0.009491506,1.5707964,0,0,1234.2631,8.32,-0.0001,0,0
5.2025385,0,1181.2484,17.01,-0.009491506,1.5707964,0,0,1235.5419,8.32,-0.0001,0,0
5.2063994,0,1186.0175,17.01,-0.009491506,1.5707964,0,0,1236.8115,8.32,-0.0001,0,0
5.210261,0,1190.7897,17.01,-0.009491506,1.5707964,0,0,1238.0764,8.32,-0.0001,0,0
5.214122,0,1195.5669,17.01,-0.009491506,1.5707964,0,0,1239.3368,8.32,-0.0001,0,0
5.2179832,0,1200.3484,17.01,-0.009491506,1.5707964,0,0,1240.5923,8.32,-0.0001,0,0
5.2218447,0,1205.135,17.01,-0.009491506,1.5707964,0,0,1241.8448,8.32,-0.0001,0,0
5.2257056,0,1209.9308,17.01,-0.009491506,1.5707964,0,0,1243.0913,8.32,-0.0001,0,0
5.2295785,0,1214.7279,17.01,-0.009491506,1.5707964,0,0,1244.336,8.32,-0.0001,0,0
5.23344,0,1219.5471,17.01,-0.009491506,1.5707964,0,0,1245.5769,8.32,-0.0001,0,0
5.2373013,0,1224.3524,17.01,-0.009491506,1.5707964,0,0,1246.8137,8.32,-0.0001,0,0
5.2411623,0,1229.1667,17.01,-0.009491506,1.5707964,0,0,1248.0369,8.32,-0.0001,0,0
5.2450233,0,1233.9807,17.01,-0.009491506,1.5707964,0,0,1249.26,8.32,-0.0001,0,0
5.2488847,0,1238.8027,17.01,-0.009491506,1.5707964,0,0,1250.4751,8.32,-0.0001,0,0
5.2527456,0,1243.6263,17.01,-0.009491506,1.5707964,0,0,1251.6892,8.32,-0.0001,0,0
5.256607,0,1248.456,17.01,-0.009491506,1.5707964,0,0,1252.8965,8.32,-0.00013294435,0,0
5.2604685,0,1253.289,17.01,-0.009491506,1.5707964,0,0,1254.1013,8.32,-0.00017928035,0,0
5.2643294,0,1258.1294,17.01,-0.009491506,1.5707964,0,0,1255.2983,8.32,-0.0002,0,0
5.268191,0,1262.9758,17.01,-0.009491506,1.5707964,0,0,1256.489,8.32,-0.0002,0,0
5.272052,0,1267.8262,17.01,-0.009491506,1.5707964,0,0,1257.6763,8.32,-0.0002,0,0
5.275913,0,1272.6819,17.01,-0.009491506,1.5707964,0,0,1258.8578,8.32,-0.0002,0,0
5.279774,0,1277.5398,17.01,-0.009491506,1.5707964,0,0,1260.037,8.32,-0.0002,0,0
5.2836356,0,1282.405,17.01,-0.009491506,1.5707964,0,0,1261.2092,8.32,-0.0002,0,0
5.2874966,0,1287.271,17.01,-0.009491506,1.5707964,0,0,1262.3809,8.32,-0.0002,0,0
5.2913575,0,1292.1451,17.01,-0.009491506,1.5707964,0,0,1263.5438,8.32,-0.0002,0,0
5.2952185,0,1297.0193,17.01,-0.009491506,1.5707964,0,0,1264.7067,8.32,-0.0002,0,0
5.29908,0,1301.902,17.01,-0.009491506,1.5707964,0,0,1265.8611,8.32,-0.0002,0,0
5.3029413,0,1306.7859,17.01,-0.009491506,1.5707964,0,0,1267.0149,8.32,-0.0002,0,0
5.3068023,0,1311.6768,17.01,-0.009491506,1.5707964,0,0,1268.1616,8.32,-0.0002,0,0
5.3106637,0,1316.5695,17.01,-0.009491506,1.5707964,0,0,1269.3062,8.32,-0.0002,0,0
5.314525,0,1321.4681,17.01,-0.009491506,1.5707964,0,0,1270.4451,8.32,-0.0002,0,0
5.318386,0,1326.3705,17.01,-0.009491506,1.5707964,0,0,1271.5802,8.32,-0.0002,0,0
5.3222475,0,1331.2766,17.01,-0.009491506,1.5707964,0,0,1272.7092,8.32,-0.0002,0,0
5.326109,0,1336.1881,17.01,-0.009491506,1.5707964,0,0,1273.8306,8.32,-0.0002,0,0
5.3299704,0,1341.1024,17.01,-0.009491506,1.5707964,0,0,1274.9492,8.32,-0.0002,0,0
5.333832,0,1346.0233,17.01,-0.009491506,1.5707964,0,0,1276.0613,8.32,-0.0002,0,0
5.3393974,0,1350.9454,17.01,-0.009491506,1.5707964,0,0,1277.1721,8.32,-0.0002,0,0
5.343259,0,1358.0515,17.01,-0.009491506,1.5707964,0,0,1278.7616,8.32,-0.0002,0,0
5.34712,0,1362.9855,17.01,-0.009491506,1.5707964,0,0,1279.8606,8.32,-0.0002,0,0
5.350981,0,1367.9246,17.01,-0.009491506,1.5707964,0,0,1280.9541,8.32,-0.0002,0,0
5.354842,0,1372.8663,17.01,-0.009491506,1.5707964,0,0,1282.0453,8.32,-0.0002,0,0
5.358703,0,1377.8146,17.01,-0.009491506,1.5707964,0,0,1283.1294,8.32,-0.0002,0,0
5.3625646,0,1382.7638,17.01,-0.009491506,1.5707964,0,0,1284.2128,8.32,-0.0002,0,0
5.366426,0,1387.7218,17.01,-0.009491506,1.5707964,0,0,1285.2877,8.32,-0.0002,0,0
5.370287,0,1392.6797,17.01,-0.009491506,1.5707964,0,0,1286.3627,8.32,-0.0002,0,0
5.374148,0,1397.646,17.01,-0.009491506,1.5707964,0,0,1287.429,8.32,-0.0002,0,0
5.378009,0,1402.6128,17.01,-0.009491506,1.5707964,0,0,1288.4946,8.32,-0.0002,0,0
5.38187,0,1407.5869,17.01,-0.009491506,1.5707964,0,0,1289.553,8.32,-0.0002,0,0
5.3857307,0,1412.563,17.01,-0.009491506,1.5707964,0,0,1290.6094,8.32,-0.0002,0,0
5.389592,0,1417.5448,17.01,-0.009491506,1.5707964,0,0,1291.66,8.32,-0.0002,0,0
5.393453,0,1422.5306,17.01,-0.009491506,1.5707964,0,0,1292.7073,8.32,-0.0002,0,0
5.3973145,0,1427.5203,17.01,-0.009491506,1.5707964,0,0,1293.7501,8.32,-0.0002,0,0
5.401176,0,1432.5153,17.01,-0.009491506,1.5707964,0,0,1294.788,8.32,-0.0002,0,0
5.405037,0,1437.5132,17.01,-0.009491506,1.5707964,0,0,1295.8231,8.32,-0.0002,0,0
5.4088984,0,1442.517,17.01,-0.009491506,1.5707964,0,0,1296.8517,8.32,-0.0002,0,0
5.41276,0,1447.522,17.01,-0.009491506,1.5707964,0,0,1297.8796,8.32,-0.0002,0,0
5.416621,0,1452.5309,17.01,-0.009491506,1.5707964,0,0,1298.9037,8.32,-0.0002,0,0
5.420482,0,1457.5399,17.01,-0.009491506,1.5707964,0,0,1299.9276,8.32,-0.0002,0,0
5.424343,0,1462.5575,17.01,-0.009491506,1.5707964,0,0,1300.9425,8.32,-0.0002,0,0
5.4282045,0,1467.5753,17.01,-0.009491506,1.5707964,0,0,1301.9572,8.32,-0.0002,0,0
5.4320655,0,1472.6012,17.01,-0.009491506,1.5707964,0,0,1302.9642,8.32,-0.0002,0,0
5.4359264,0,1477.6283,17.01,-0.009491506,1.5707964,0,0,1303.9696,8.32,-0.0002,0,0
5.4397874,0,1482.6616,17.01,-0.009491506,1.5707964,0,0,1304.9688,8.32,-0.0002,0,0
5.443649,0,1487.698,17.01,-0.009491506,1.5707964,0,0,1305.965,8.32,-0.0002,0,0
5.44751,0,1492.7395,17.01,-0.009491506,1.5707964,0,0,1306.9564,8.32,-0.0002,0,0
5.4513707,0,1497.785,17.01,-0.009491506,1.5707964,0,0,1307.9434,8.32,-0.0002,0,0
5.4552317,0,1502.8323,17.01,-0.009491506,1.5707964,0,0,1308.9269,8.32,-0.0002,0,0
5.4590926,0,1507.8824,17.01,-0.009491506,1.5707964,0,0,1309.9045,8.32,-0.0002,0,0
5.462954,0,1512.9346,17.01,-0.009491506,1.5707964,0,0,1310.8804,8.32,-0.0002,0,0
5.4668155,0,1517.9945,17.01,-0.009491506,1.5707964,0,0,1311.8488,8.32,-0.0002,0,0
5.4707184,0,1523.0547,17.01,-0.009491506,1.5707964,0,0,1312.817,8.32,-0.0002,0,0
5.4748645,0,1528.1785,17.01,-0.009491506,1.5707964,0,0,1313.7911,8.32,-0.0002,0,0
5.47964,0,1533.6217,17.01,-0.009491506,1.5707964,0,0,1314.826,8.32,-0.0002,0,0
5.483501,0,1539.9022,17.01,-0.009491506,1.5707964,0,0,1316.007,8.32,-0.0002,0,0
5.4873624,0,1544.9806,17.01,-0.009491506,1.5707964,0,0,1316.9609,8.32,-0.0002,0,0
5.4912233,0,1550.0636,17.01,-0.009491506,1.5707964,0,0,1317.9063,8.32,-0.0002,0,0
5.495085,0,1555.1462,17.01,-0.009491506,1.5707964,0,0,1318.8514,8.32,-0.0002,0,0
5.498946,0,1560.2375,17.01,-0.009491506,1.5707964,0,0,1319.7885,8.32,-0.0002,0,0
5.502807,0,1565.3298,17.01,-0.009491506,1.5707964,0,0,1320.7245,8.32,-0.0002,0,0
5.5066686,0,1570.4285,17.01,-0.009491506,1.5707964,0,0,1321.657,8.32,-0.0002,0,0
5.51053,0,1575.5302,17.01,-0.009491506,1.5707964,0,0,1322.5884,8.32,-0.0002,0,0
5.5143914,0,1580.6343,17.01,-0.009491506,1.5707964,0,0,1323.5144,8.32,-0.0002,0,0
5.518253,0,1585.7406,17.01,-0.009491506,1.5707964,0,0,1324.4365,8.32,-0.0002,0,0
5.5221143,0,1590.8506,17.01,-0.009491506,1.5707964,0,0,1325.3549,8.32,-0.0002,0,0
5.525975,0,1595.9661,17.01,-0.009491506,1.5707964,0,0,1326.2676,8.32,-0.0002,0,0
5.529836,0,1601.0835,17.01,-0.009491506,1.5707964,0,0,1327.178,8.32,-0.0002,0,0
5.533697,0,1606.2079,17.01,-0.009491506,1.5707964,0,0,1328.0815,8.32,-0.0002,0,0
5.537558,0,1611.3328,17.01,-0.009491506,1.5707964,0,0,1328.9846,8.32,-0.0002,0,0
5.541419,0,1616.4617,17.01,-0.009491506,1.5707964,0,0,1329.8834,8.32,-0.0002,0,0
5.54528,0,1621.5907,17.01,-0.009491506,1.5707964,0,0,1330.7822,8.32,-0.0002,0,0
5.549141,0,1626.7284,17.01,-0.009491506,1.5707964,0,0,1331.6725,8.32,-0.0002,0,0
5.5530024,0,1631.8667,17.01,-0.009491506,1.5707964,0,0,1332.562,8.32,-0.0002,0,0
5.556864,0,1637.0126,17.01,-0.009491506,1.5707964,0,0,1333.4481,8.32,-0.0002,0,0
5.5607247,0,1642.1605,17.01,-0.009491506,1.5707964,0,0,1334.333,8.32,-0.0002,0,0
5.5645857,0,1647.3109,17.01,-0.009491506,1.5707964,0,0,1335.2123,8.32,-0.0002,0,0
5.5687723,0,1652.463,17.01,-0.009491506,1.5707964,0,0,1336.088,8.32,-0.0002,0,0
5.5731645,0,1658.0548,17.01,-0.009491506,1.5707964,0,0,1337.0325,8.32,-0.0002,0,0
5.577783,0,1663.9265,17.01,-0.009491506,1.5707964,0,0,1338.0181,8.32,-0.0002,0,0
5.5818157,0,1670.1042,17.01,-0.009491506,1.5707964,0,0,1339.0511,8.32,-0.0002,0,0
5.5856767,0,1675.4996,17.01,-0.009491506,1.5707964,0,0,1339.9513,8.32,-0.0002,0,0
5.589538,0,1680.6714,17.01,-0.009491506,1.5707964,0,0,1340.8074,8.32,-0.0002281238,0,0
5.593399,0,1685.847,17.01,-0.009491506,1.5707964,0,0,1341.66,8.32,-0.00027445974,0,0
5.59726,0,1691.0245,17.01,-0.009491506,1.5707964,0,0,1342.5105,8.32,-0.00029999999,0,0
5.601121,0,1696.2046,17.01,-0.009491506,1.5707964,0,0,1343.3584,8.32,-0.00029999999,0,0
5.6049824,0,1701.3872,17.01,-0.009491506,1.5707964,0,0,1344.2035,8.32,-0.00029999999,0,0
5.6088433,0,1706.5768,17.01,-0.009491506,1.5707964,0,0,1345.0422,8.32,-0.00029999999,0,0
5.6127043,0,1711.7666,17.01,-0.009491506,1.5707964,0,0,1345.8796,8.32,-0.00029999999,0,0
5.6165657,0,1716.9604,17.01,-0.009491506,1.5707964,0,0,1346.709,8.32,-0.00029999999,0,0
5.620427,0,1722.1548,17.01,-0.009491506,1.5707964,0,0,1347.5383,8.32,-0.00029999999,0,0
5.624288,0,1727.358,17.01,-0.009491506,1.5707964,0,0,1348.3633,8.32,-0.00029999999,0,0
5.6281495,0,1732.5613,17.01,-0.009491506,1.5707964,0,0,1349.188,8.32,-0.00029999999,0,0
5.632011,0,1737.7686,17.01,-0.009491506,1.5707964,0,0,1350.0052,8.32,-0.00029999999,0,0
5.6358724,0,1742.9768,17.01,-0.009491506,1.5707964,0,0,1350.8208,8.32,-0.00029999999,0,0
5.6397333,0,1748.191,17.01,-0.009491506,1.5707964,0,0,1351.6332,8.32,-0.00029999999,0,0
5.6435943,0,1753.4081,17.01,-0.009491506,1.5707964,0,0,1352.4441,8.32,-0.00029999999,0,0
5.6474557,0,1758.6274,17.01,-0.009491506,1.5707964,0,0,1353.2502,8.32,-0.00029999999,0,0
5.651317,0,1763.8494,17.01,-0.009491506,1.5707964,0,0,1354.0519,8.32,-0.00029999999,0,0
5.6551785,0,1769.0746,17.01,-0.009491506,1.5707964,0,0,1354.8518,8.32,-0.00029999999,0,0
5.6590395,0,1774.3059,17.01,-0.009491506,1.5707964,0,0,1355.6488,8.32,-0.00029999999,0,0
5.662901,0,1779.5377,17.01,-0.009491506,1.5707964,0,0,1356.444,8.32,-0.00029999999,0,0
5.6667624,0,1784.7738,17.01,-0.009491506,1.5707964,0,0,1357.2318,8.32,-0.00029999999,0,0
5.670624,0,1790.01,17.01,-0.009491506,1.5707964,0,0,1358.0194,8.32,-0.00029999999,0,0
5.6744847,0,1795.2552,17.01,-0.009491506,1.5707964,0,0,1358.8025,8.32,-0.00029999999,0,0
5.678346,0,1800.5,17.01,-0.009491506,1.5707964,0,0,1359.5854,8.32,-0.00029999999,0,0
5.682207,0,1805.7493,17.01,-0.009491506,1.5707964,0,0,1360.3605,8.32,-0.00029999999,0,0
5.686068,0,1810.9987,17.01,-0.009491506,1.5707964,0,0,1361.1343,8.32,-0.00029999999,0,0
5.6899295,0,1816.2515,17.01,-0.009491506,1.5707964,0,0,1361.9048,8.32,-0.00029999999,0,0
5.693791,0,1821.506,17.01,-0.009491506,1.5707964,0,0,1362.674,8.32,-0.00029999999,0,0
5.697652,0,1826.7656,17.01,-0.009491506,1.5707964,0,0,1363.4406,8.32,-0.00029999999,0,0
5.701513,0,1832.0289,17.01,-0.009491506,1.5707964,0,0,1364.205,8.32,-0.00029999999,0,0
5.705374,0,1837.2942,17.01,-0.009491506,1.5707964,0,0,1364.9658,8.32,-0.00029999999,0,0
5.7092347,0,1842.5621,17.01,-0.009491506,1.5707964,0,0,1365.7211,8.32,-0.00029999999,0,0
5.7130957,0,1847.8324,17.01,-0.009491506,1.5707964,0,0,1366.4752,8.32,-0.00029999999,0,0
5.7169566,0,1853.1096,17.01,-0.009491506,1.5707964,0,0,1367.2258,8.32,-0.00029999999,0,0
5.720818,0,1858.3872,17.01,-0.009491506,1.5707964,0,0,1367.9757,8.32,-0.00029999999,0,0
5.7246795,0,1863.6696,17.01,-0.009491506,1.5707964,0,0,1368.717,8.32,-0.00029999999,0,0
5.728541,0,1868.9519,17.01,-0.009491506,1.5707964,0,0,1369.4585,8.32,-0.00029999999,0,0
5.732402,0,1874.2384,17.01,-0.009491506,1.5707964,0,0,1370.1957,8.32,-0.00029999999,0,0
5.736267,0,1879.5249,17.01,-0.009491506,1.5707964,0,0,1370.9323,8.32,-0.00029999999,0,0
5.740128,0,1884.8245,17.01,-0.009491506,1.5707964,0,0,1371.6663,8.32,-0.00029999999,0,0
5.7439895,0,1890.1204,17.01,-0.009491506,1.5707964,0,0,1372.3983,8.32,-0.00029999999,0,0
5.7478504,0,1895.4193,17.01,-0.009491506,1.5707964,0,0,1373.1249,8.32,-0.00029999999,0,0
5.751712,0,1900.7197,17.01,-0.009491506,1.5707964,0,0,1373.8477,8.32,-0.00029999999,0,0
5.7555733,0,1906.0226,17.01,-0.009491506,1.5707964,0,0,1374.5685,8.32,-0.00029999999,0,0
5.7594347,0,1911.3281,17.01,-0.009491506,1.5707964,0,0,1375.2866,8.32,-0.00029999999,0,0
5.7632957,0,1916.6366,17.01,-0.009491506,1.5707964,0,0,1376.0035,8.32,-0.00029999999,0,0
5.767157,0,1921.9509,17.01,-0.009491506,1.5707964,0,0,1376.717,8.32,-0.00029999999,0,0
5.771018,0,1927.2662,17.01,-0.009491506,1.5707964,0,0,1377.4296,8.32,-0.00029999999,0,0
5.774879,0,1932.5852,17.01,-0.009491506,1.5707964,0,0,1378.1338,8.32,-0.00029999999,0,0
5.77874,0,1937.9042,17.01,-0.009491506,1.5707964,0,0,1378.838,8.32,-0.00029999999,0,0
5.7826014,0,1943.2277,17.01,-0.009491506,1.5707964,0,0,1379.5378,8.32,-0.00029999999,0,0
5.7864623,0,1948.5516,17.01,-0.009491506,1.5707964,0,0,1380.2375,8.32,-0.00029999999,0,0
5.7903233,0,1953.879,17.01,-0.009491506,1.5707964,0,0,1380.9333,8.32,-0.00029999999,0,0
5.794184,0,1959.2073,17.01,-0.009491506,1.5707964,0,0,1381.6283,8.32,-0.00029999999,0,0
5.798045,0,1964.5415,17.01,-0.009491506,1.5707964,0,0,1382.3173,8.32,-0.00029999999,0,0
5.8019066,0,1969.879,17.01,-0.009491506,1.5707964,0,0,1383.0029,8.32,-0.00029999999,0,0
5.8057675,0,1975.2192,17.01,-0.009491506,1.5707964,0,0,1383.6865,8.32,-0.00029999999,0,0
5.8096285,0,1980.5614,17.01,-0.009491506,1.5707964,0,0,1384.3676,8.32,-0.00029999999,0,0
5.81349,0,1985.9052,17.01,-0.009491506,1.5707964,0,0,1385.0471,8.32,-0.00029999999,0,0
5.8173513,0,1991.2522,17.01,-0.009491506,1.5707964,0,0,1385.7236,8.32,-0.00029999999,0,0
5.8212123,0,1996.6002,17.01,-0.009491506,1.5707964,0,0,1386.3993,8.32,-0.00029999999,0,0
5.8250737,0,2001.9517,17.01,-0.009491506,1.5707964,0,0,1387.0712,8.32,-0.00029999999,0,0
5.8290267,0,2007.3036,17.01,-0.009491506,1.5707964,0,0,1387.7428,8.32,-0.00029999999,0,0
5.8328876,0,2012.7871,17.01,-0.009491506,1.5707964,0,0,1388.4211,8.32,-0.00029999999,0,0
5.836749,0,2018.1431,17.01,-0.009491506,1.5707964,0,0,1389.0836,8.32,-0.00029999999,0,0
5.84061,0,2023.5077,17.01,-0.009491506,1.5707964,0,0,1389.7421,8.32,-0.00029999999,0,0
5.8444715,0,2028.873,17.01,-0.009491506,1.5707964,0,0,1390.4,8.32,-0.00029999999,0,0
5.848333,0,2034.2421,17.01,-0.009491506,1.5707964,0,0,1391.0547,8.32,-0.00029999999,0,0
5.852194,0,2039.6124,17.01,-0.009491506,1.5707964,0,0,1391.708,8.32,-0.00029999999,0,0
5.8560553,0,2044.985,17.01,-0.009491506,1.5707964,0,0,1392.3588,8.32,-0.00029999999,0,0
5.859916,0,2050.36,17.01,-0.009491506,1.5707964,0,0,1393.0074,8.32,-0.00029999999,0,0
5.863777,0,2055.7366,17.01,-0.009491506,1.5707964,0,0,1393.6542,8.32,-0.00029999999,0,0
5.867638,0,2061.1157,17.01,-0.009491506,1.5707964,0,0,1394.2982,8.32,-0.00029999999,0,0
5.871499,0,2066.4958,17.01,-0.009491506,1.5707964,0,0,1394.94,8.32,-0.00029999999,0,0
5.87536,0,2071.88,17.01,-0.009491506,1.5707964,0,0,1395.5747,8.32,-0.00029999999,0,0
5.879221,0,2077.2642,17.01,-0.009491506,1.5707964,0,0,1396.209,8.32,-0.00029999999,0,0
5.886944,0,2088.0415,17.01,-0.009491506,1.5707964,0,0,1397.4692,8.32,-0.00029999999,0,0
5.8908052,0,2093.439,17.01,-0.009491506,1.5707964,0,0,1398.0951,8.32,-0.00029999999,0,0
5.894666,0,2098.8372,17.01,-0.009491506,1.5707964,0,0,1398.7206,8.32,-0.00029999999,0,0
5.898527,0,2104.2385,17.01,-0.009491506,1.5707964,0,0,1399.3425,8.32,-0.00029999999,0,0
5.9023886,0,2109.6409,17.01,-0.009491506,1.5707964,0,0,1399.9634,8.32,-0.00029999999,0,0
5.9062495,0,2115.0464,17.01,-0.009491506,1.5707964,0,0,1400.5757,8.32,-0.00029999999,0,0
5.9101105,0,2120.4534,17.01,-0.009491506,1.5707964,0,0,1401.1826,8.32,-0.00029999999,0,0
5.9139714,0,2125.8625,17.01,-0.009491506,1.5707964,0,0,1401.7533,8.32,-0.00029999999,0,0
5.917833,0,2131.2744,17.01,-0.009491506,1.5707964,0,0,1402.2815,8.32,-0.00029999999,0,0
5.921694,0,2136.6877,17.01,-0.009491506,1.5707964,0,0,1402.7874,8.32,-0.00031401,0,0
5.9255548,0,2142.104,17.01,-0.009491506,1.5707964,0,0,1403.2413,8.32,-0.00036034247,0,0
5.929416,0,2147.521,17.01,-0.009491506,1.5707964,0,0,1403.6868,8.32,-0.0004,0,0
5.9332776,0,2152.9421,17.01,-0.009491506,1.5707964,0,0,1404.0806,8.32,-0.0004,0,0
5.9371386,0,2158.3635,17.01,-0.009491506,1.5707964,0,0,1404.4745,8.32,-0.0004,0,0
5.941,0,2163.7844,17.01,-0.009491506,1.5707964,0,0,1404.818,8.32,-0.0004,0,0
5.9448614,0,2169.2058,17.01,-0.009491506,1.5707964,0,0,1405.1609,8.32,-0.0004,0,0
5.949632,0,2174.6309,17.01,-0.009491506,1.5707964,0,0,1405.4655,8.32,-0.0004,0,0
5.9534936,0,2181.3345,17.01,-0.009491506,1.5707964,0,0,1405.8318,8.32,-0.0004,0,0
5.95778,0,2186.7646,17.01,-0.009491506,1.5707964,0,0,1406.0948,8.32,-0.0004,0,0
5.961641,0,2192.7932,17.01,-0.009491506,1.5707964,0,0,1406.3828,8.32,-0.0004,0,0
5.9655023,0,2198.2234,17.01,-0.009491506,1.5707964,0,0,1406.6106,8.32,-0.0004,0,0
5.9693637,0,2203.654,17.01,-0.009491506,1.5707964,0,0,1406.833,8.32,-0.0004,0,0
5.9732246,0,2209.0847,17.01,-0.009491506,1.5707964,0,0,1407.036,8.32,-0.0004,0,0
5.9770856,0,2214.5146,17.01,-0.009491506,1.5707964,0,0,1407.2306,8.32,-0.0004,0,0
5.9809594,0,2219.9475,17.01,-0.009491506,1.5707964,0,0,1407.41,8.32,-0.0004,0,0
5.9848204,0,2225.4004,17.01,-0.009491506,1.5707964,0,0,1407.5774,8.32,-0.0004,0,0
5.9886813,0,2230.8352,17.01,-0.009491506,1.5707964,0,0,1407.7354,8.32,-0.00041786133,0,0
5.9925423,0,2236.27,17.01,-0.009491506,1.5707964,0,0,1407.879,8.32,-0.0004641938,0,0
5.9964037,0,2241.7046,17.01,-0.009491506,1.5707964,0,0,1408.0184,8.32,-0.00049999997,0,0
6.000265,0,2247.14,17.01,-0.009491506,1.5707964,0,0,1408.1436,8.32,-0.00049999997,0,0
6.004367,0,2252.5754,17.01,-0.009491506,1.5707964,0,0,1408.2677,8.32,-0.00049999997,0,0
6.008702,0,2258.3538,17.01,-0.009491506,1.5707964,0,0,1408.3859,8.32,-0.00049999997,0,0
6.013443,0,2264.4604,17.01,-0.009491506,1.5707964,0,0,1408.5089,8.32,-0.00049999997,0,0
6.017464,0,2271.1396,17.01,-0.009491506,1.5707964,0,0,1408.6227,8.32,-0.00049999997,0,0
6.021325,0,2276.805,17.01,-0.009491506,1.5707964,0,0,1408.7172,8.32,-0.00049999997,0,0
6.0251865,0,2282.2444,17.01,-0.009491506,1.5707964,0,0,1408.8007,8.32,-0.00049999997,0,0
6.0290475,0,2287.6843,17.01,-0.009491506,1.5707964,0,0,1408.8834,8.32,-0.00049999997,0,0
6.0329084,0,2293.1235,17.01,-0.009491506,1.5707964,0,0,1408.9529,8.32,-0.00049999997,0,0
6.0367694,0,2298.563,17.01,-0.009491506,1.5707964,0,0,1409.0225,8.32,-0.00049999997,0,0
6.040631,0,2304.0024,17.01,-0.009491506,1.5707964,0,0,1409.0836,8.32,-0.00049999997,0,0
6.044492,0,2309.4424,17.01,-0.009491506,1.5707964,0,0,1409.1438,8.32,-0.00049999997,0,0
6.048353,0,2314.8818,17.01,-0.009491506,1.5707964,0,0,1409.2007,8.32,-0.00049999997,0,0
6.052214,0,2320.3215,17.01,-0.009491506,1.5707964,0,0,1409.2563,8.32,-0.00049999997,0,0
6.0560756,0,2325.761,17.01,-0.009491506,1.5707964,0,0,1409.3066,8.32,-0.00049999997,0,0
6.0599365,0,2331.201,17.01,-0.009491506,1.5707964,0,0,1409.3529,8.32,-0.00049999997,0,0
6.0637975,0,2336.6404,17.01,-0.009491506,1.5707964,0,0,1409.3973,8.32,-0.00049999997,0,0
6.067659,0,2342.0798,17.01,-0.009491506,1.5707964,0,0,1409.439,8.32,-0.00049999997,0,0
6.07152,0,2347.5208,17.01,-0.009491506,1.5707964,0,0,1409.4783,8.32,-0.00049999997,0,0
6.075851,0,2352.9648,17.01,-0.009491506,1.5707964,0,0,1409.5107,8.32,-0.00049999997,0,0
6.0797124,0,2359.0718,17.01,-0.009491506,1.5707964,0,0,1409.5471,8.32,-0.00049999997,0,0
6.0835733,0,2364.5164,17.01,-0.009491506,1.5707964,0,0,1409.5796,8.32,-0.00049999997,0,0
6.087485,0,2369.9604,17.01,-0.009491506,1.5707964,0,0,1409.6117,8.32,-0.00049999997,0,0
6.091355,0,2375.4758,17.01,-0.009491506,1.5707964,0,0,1409.6399,8.32,-0.00049999997,0,0
6.0952163,0,2380.9324,17.01,-0.009491506,1.5707964,0,0,1409.6677,8.32,-0.00049999997,0,0
6.0990777,0,2386.3767,17.01,-0.009491506,1.5707964,0,0,1409.6913,8.32,-0.00049999997,0,0
6.102939,0,2391.8213,17.01,-0.009491506,1.5707964,0,0,1409.7145,8.32,-0.00049999997,0,0
6.1068006,0,2397.2656,17.01,-0.009491506,1.5707964,0,0,1409.7341,8.32,-0.00049999997,0,0
6.110662,0,2402.7102,17.01,-0.009491506,1.5707964,0,0,1409.7527,8.32,-0.00049999997,0,0
6.114523,0,2408.1548,17.01,-0.009491506,1.5707964,0,0,1409.7711,8.32,-0.00049999997,0,0
6.1183844,0,2413.5986,17.01,-0.009491506,1.5707964,0,0,1409.7897,8.32,-0.00049999997,0,0
6.122643,0,2419.0432,17.01,-0.009491506,1.5707964,0,0,1409.8062,8.32,-0.00049999997,0,0
6.1265044,0,2425.0479,17.01,-0.009491506,1.5707964,0,0,1409.8214,8.32,-0.00049999997,0,0
6.1303654,0,2430.4924,17.01,-0.009491506,1.5707964,0,0,1409.8353,8.32,-0.00049999997,0,0
6.1342263,0,2435.9365,17.01,-0.009491506,1.5707964,0,0,1409.8492,8.32,-0.00049999997,0,0
6.1380873,0,2441.3806,17.01,-0.009491506,1.5707964,0,0,1409.8622,8.32,-0.00049999997,0,0
6.141948,0,2446.8247,17.01,-0.009491506,1.5707964,0,0,1409.8715,8.32,-0.00049999997,0,0
6.145809,0,2452.2686,17.01,-0.009491506,1.5707964,0,0,1409.8807,8.32,-0.00049999997,0,0
6.14967,0,2457.7126,17.01,-0.009491506,1.5707964,0,0,1409.89,8.32,-0.00049999997,0,0
6.1535316,0,2463.1567,17.01,-0.009491506,1.5707964,0,0,1409.8993,8.32,-0.00049999997,0,0
6.1573925,0,2468.6013,17.01,-0.009491506,1.5707964,0,0,1409.9084,8.32,-0.00049999997,0,0
6.1612535,0,2474.0454,17.01,-0.009491506,1.5707964,0,0,1409.9177,8.32,-0.00049999997,0,0
6.165115,0,2479.4895,17.01,-0.009491506,1.5707964,0,0,1409.9235,8.32,-0.00049999997,0,0
6.168976,0,2484.9338,17.01,-0.009491506,1.5707964,0,0,1409.9281,8.32,-0.00049999997,0,0
6.172837,0,2490.378,17.01,-0.009491506,1.5707964,0,0,1409.9327,8.32,-0.00049999997,0,0
6.1766977,0,2495.822,17.01,-0.009491506,1.5707964,0,0,1409.9374,8.32,-0.00049999997,0,0
6.1805587,0,2501.266,17.01,-0.009491506,1.5707964,0,0,1409.942,8.32,-0.00049999997,0,0
6.1844196,0,2506.7102,17.01,-0.009491506,1.5707964,0,0,1409.9467,8.32,-0.00049999997,0,0
6.188281,0,2512.1543,17.01,-0.009491506,1.5707964,0,0,1409.9513,8.32,-0.00049999997,0,0
6.1921425,0,2517.5986,17.01,-0.009491506,1.5707964,0,0,1409.9559,8.32,-0.00049999997,0,0
6.1960034,0,2523.0432,17.01,-0.009491506,1.5707964,0,0,1409.9606,8.32,-0.00049999997,0,0
6.1998644,0,2528.4873,17.01,-0.009491506,1.5707964,0,0,1409.9652,8.32,-0.00049999997,0,0
6.203726,0,2533.9314,17.01,-0.009491506,1.5707964,0,0,1409.9698,8.32,-0.00049999997,0,0
6.2075872,0,2539.3757,17.01,-0.009491506,1.5707964,0,0,1409.9745,8.32,-0.00049999997,0,0
6.2114587,0,2544.8203,17.01,-0.009491506,1.5707964,0,0,1409.9791,8.32,-0.00049999997,0,0
6.21532,0,2550.2788,17.01,-0.009491506,1.5707964,0,0,1409.9838,8.32,-0.00049999997,0,0
6.219181,0,2555.7234,17.01,-0.009491506,1.5707964,0,0,1409.9884,8.32,-0.00049999997,0,0
6.2230425,0,2561.1672,17.01,-0.009491506,1.5707964,0,0,1409.993,8.32,-0.00049999997,0,0
6.2269034,0,2566.6118,17.01,-0.009491506,1.5707964,0,0,1409.9977,8.32,-0.00049999997,0,0
6.2307644,0,2572.056,17.01,-0.009491506,1.5707964,0,0,1410,8.32,-0.00049999997,0,0
