frame,ball_loc_x,ball_loc_y,ball_loc_z,ball_rot_x,ball_rot_y,ball_rot_z,ball_rot_w,ball_vel_x,ball_vel_y,ball_vel_z,ball_ang_x,ball_ang_y,ball_ang_z,player0_throttle,player0_steer,player0_pitch,player0_yaw,player0_roll,player0_jump,player0_boost,player0_handbrake,player0_loc_x,player0_loc_y,player0_loc_z,player0_rot_x,player0_rot_y,player0_rot_z,player0_rot_w,player0_vel_x,player0_vel_y,player0_vel_z,player0_ang_x,player0_ang_y,player0_ang_z
1175,2000,0,91.24,0.000002697398,0.000002697398,0.000002697398,0.99999994,0,0,0,0,0,0,0,0,0,0,0,false,false,false,0,0.14999999,17.01,-0.00336905,0.0033798397,0.7071014,0.7070959,0,0.011,8.321,-0.00051,0,0
1176,2000,0,91.24,0.000002697398,0.000002697398,0.000002697398,0.99999994,0,0,0,0,0,0,1,0,0,0,0,false,false,false,0,0.14999999,17.01,-0.00336905,0.0033798397,0.7071014,0.7070959,0,13.341001,8.321,0.00021,0,0
1177,2000,0,91.24,0.000002697398,0.000002697398,0.000002697398,0.99999994,0,0,0,0,0,0,1,0,0,0,0,false,false,false,0,0.26,17.01,-0.00336905,0.0033798397,0.7071014,0.7070959,0,26.560999,8.321,0.00061,0,0
1178,2000,0,91.24,0.000002697398,0.000002697398,0.000002697398,0.99999994,0,0,0,0,0,0,1,0,0,0,0,false,false,false,0,0.48,17.01,-0.00336905,0.0033798397,0.7071014,0.7070959,0,39.661,8.321,0.00081,0,0
1179,2000,0,91.24,0.000002697398,0.000002697398,0.000002697398,0.99999994,0,0,0,0,0,0,1,0,0,0,0,false,false,false,0,0.81,17.01,-0.00336905,0.0033798397,0.7071014,0.7070959,0,52.650997,8.321,0.00091,0,0
1180,2000,0,91.24,0.000002697398,0.000002697398,0.000002697398,0.99999994,0,0,0,0,0,0,1,0,0,0,0,false,false,false,0,1.25,17.01,-0.0033636556,0.00337984,0.70710146,0.707096,0,65.531,8.321,0.0010099999,0,0
1181,2000,0,91.24,0.000002697398,0.000002697398,0.000002697398,0.99999994,0,0,0,0,0,0,1,0,0,0,0,false,false,false,0,1.8,17.01,-0.0033582605,0.003374445,0.7071015,0.7070959,0,78.300995,8.321,0.0010099999,0,0
1182,2000,0,91.24,0.000002697398,0.000002697398,0.000002697398,0.99999994,0,0,0,0,0,0,1,0,0,0,0,false,false,false,0,2.45,17.01,-0.0033528658,0.00336905,0.7071016,0.7070959,0,90.961,8.321,0.00091,0,0
1183,2000,0,91.24,0.000002697398,0.000002697398,0.000002697398,0.99999994,0,0,0,0,0,0,1,0,0,0,0,false,false,false,0,3.21,17.01,-0.003347471,0.00336905,0.7071016,0.7070959,0,103.510994,8.321,0.00071,0,0
1184,2000,0,91.24,0.000002697398,0.000002697398,0.000002697398,0.99999994,0,0,0,0,0,0,1,0,0,0,0,false,false,false,0,4.0699997,17.01,-0.003347471,0.00336905,0.7071016,0.7070959,0,115.951,8.321,0.00061,-0.00010999999,0
1185,2000,0,91.24,0.000002697398,0.000002697398,0.000002697398,0.99999994,0,0,0,0,0,0,1,0,0,0,0,false,false,false,0,5.04,17.01,-0.003347471,0.00336905,0.7071016,0.7070959,0,128.291,8.321,0.00051,-0.00010999999,0
1186,2000,0,91.24,0.000002697398,0.000002697398,0.000002697398,0.99999994,0,0,0,0,0,0,1,0,0,0,0,false,false,false,0,6.1099997,17.01,-0.003347471,0.00336905,0.7071016,0.7070959,0,140.52101,8.321,0.00051,-0.00010999999,0
1187,2000,0,91.24,0.000002697398,0.000002697398,0.000002697398,0.99999994,0,0,0,0,0,0,1,0,0,0,0,false,false,false,0,7.2799997,17.01,-0.003347471,0.00336905,0.7071016,0.7070959,0,152.641,8.321,0.00051,-0.00010999999,0
1188,2000,0,91.24,0.000002697398,0.000002697398,0.000002697398,0.99999994,0,0,0,0,0,0,1,0,0,0,0,false,false,false,0,8.55,17.01,-0.003347471,0.00336905,0.7071016,0.7070959,0,164.66101,8.321,0.00051,-0.00010999999,0
1189,2000,0,91.24,0.000002697398,0.000002697398,0.000002697398,0.99999994,0,0,0,0,0,0,1,0,0,0,0,false,false,false,0,9.92,17.01,-0.003347471,0.00336905,0.7071016,0.7070959,0,176.58101,8.321,0.00040999998,-0.00010999999,0
1190,2000,0,91.24,0.000002697398,0.000002697398,0.000002697398,0.99999994,0,0,0,0,0,0,1,0,0,0,0,false,false,false,0,11.389999,17.01,-0.003347471,0.00336905,0.7071016,0.7070959,0,188.401,8.321,0.00040999998,-0.00010999999,0
1191,2000,0,91.24,0.000002697398,0.000002697398,0.000002697398,0.99999994,0,0,0,0,0,0,1,0,0,0,0,false,false,false,0,12.96,17.01,-0.003347471,0.00336905,0.7071016,0.7070959,0,200.11101,8.321,0.00040999998,-0.00010999999,0
1192,2000,0,91.24,0.000002697398,0.000002697398,0.000002697398,0.99999994,0,0,0,0,0,0,1,0,0,0,0,false,false,false,0,14.63,17.01,-0.003347471,0.00336905,0.7071016,0.7070959,0,211.72101,8.321,0.00040999998,-0.00010999999,0
1193,2000,0,91.24,0.000002697398,0.000002697398,0.000002697398,0.99999994,0,0,0,0,0,0,1,0,0,0,0,false,false,false,0,16.39,17.01,-0.003347471,0.00336905,0.7071016,0.7070959,0,223.231,8.321,0.00040999998,-0.00010999999,0
1194,2000,0,91.24,0.000002697398,0.000002697398,0.000002697398,0.99999994,0,0,0,0,0,0,1,0,0,0,0,false,false,false,0,18.25,17.01,-0.003347471,0.00336905,0.7071016,0.7070959,0,234.651,8.321,0.00040999998,-0.00010999999,0
1195,2000,0,91.24,0.000002697398,0.000002697398,0.000002697398,0.99999994,0,0,0,0,0,0,1,0,0,0,0,false,false,false,0,20.21,17.01,-0.003347471,0.00336905,0.7071016,0.7070959,0,245.97101,8.321,0.00040999998,-0.00010999999,0
1196,2000,0,91.24,0.000002697398,0.000002697398,0.000002697398,0.99999994,0,0,0,0,0,0,1,0,0,0,0,false,false,false,0,22.26,17.01,-0.003347471,0.00336905,0.7071016,0.7070959,0,257.191,8.321,0.00040999998,-0.00010999999,0
1197,2000,0,91.24,0.000002697398,0.000002697398,0.000002697398,0.99999994,0,0,0,0,0,0,1,0,0,0,0,false,false,false,0,24.4,17.01,-0.003347471,0.00336905,0.7071016,0.7070959,0,268.321,8.321,0.00030999997,-0.00010999999,0
1198,2000,0,91.24,0.000002697398,0.000002697398,0.000002697398,0.99999994,0,0,0,0,0,0,1,0,0,0,0,false,false,false,0,26.64,17.01,-0.003347471,0.00336905,0.7071016,0.7070959,0,279.351,8.321,0.00030999997,-0.00010999999,0
1199,2000,0,91.24,0.000002697398,0.000002697398,0.000002697398,0.99999994,0,0,0,0,0,0,1,0,0,0,0,false,false,false,0,28.97,17.01,-0.003347471,0.00336905,0.7071016,0.7070959,0,290.29102,8.321,0.00030999997,-0.00010999999,0
1200,2000,0,91.24,0.000002697398,0.000002697398,0.000002697398,0.99999994,0,0,0,0,0,0,1,0,0,0,0,false,false,false,0,31.39,17.01,-0.003347471,0.00336905,0.7071016,0.7070959,0,301.131,8.321,0.00030999997,-0.00010999999,0
1201,2000,0,91.24,0.000002697398,0.000002697398,0.000002697398,0.99999994,0,0,0,0,0,0,1,0,0,0,0,false,false,false,0,33.899998,17.01,-0.003347471,0.00336905,0.7071016,0.7070959,0,311.881,8.321,0.00030999997,-0.00010999999,0
1202,2000,0,91.24,0.000002697398,0.000002697398,0.000002697398,0.99999994,0,0,0,0,0,0,1,0,0,0,0,false,false,false,0,36.5,17.01,-0.003347471,0.00336905,0.7071016,0.7070959,0,322.541,8.321,0.00030999997,-0.00010999999,0
1203,2000,0,91.24,0.000002697398,0.000002697398,0.000002697398,0.99999994,0,0,0,0,0,0,1,0,0,0,0,false,false,false,0,39.19,17.01,-0.003347471,0.00336905,0.7071016,0.7070959,0,333.101,8.321,0.00030999997,-0.00010999999,0
1204,2000,0,91.24,0.000002697398,0.000002697398,0.000002697398,0.99999994,0,0,0,0,0,0,1,0,0,0,0,false,false,false,0,41.969997,17.01,-0.003347471,0.00336905,0.7071016,0.7070959,0,343.571,8.321,0.00030999997,-0.00010999999,0
1205,2000,0,91.24,0.000002697398,0.000002697398,0.000002697398,0.99999994,0,0,0,0,0,0,1,0,0,0,0,false,false,false,0,44.829998,17.01,-0.003347471,0.00336905,0.7071016,0.7070959,0,353.951,8.321,0.00021,-0.00010999999,0
1206,2000,0,91.24,0.000002697398,0.000002697398,0.000002697398,0.99999994,0,0,0,0,0,0,1,0,0,0,0,false,false,false,0,47.78,17.01,-0.003347471,0.00336905,0.7071016,0.7070959,0,364.251,8.321,0.00021,-0.00010999999,0
1207,2000,0,91.24,0.000002697398,0.000002697398,0.000002697398,0.99999994,0,0,0,0,0,0,1,0,0,0,0,false,false,false,0,50.82,17.01,-0.003347471,0.00336905,0.7071016,0.7070959,0,374.461,8.321,0.00021,-0.00010999999,0
1208,2000,0,91.24,0.000002697398,0.000002697398,0.000002697398,0.99999994,0,0,0,0,0,0,1,0,0,0,0,false,false,false,0,53.94,17.01,-0.003347471,0.00336905,0.7071016,0.7070959,0,384.581,8.321,0.00021,-0.00010999999,0
1209,2000,0,91.24,0.000002697398,0.000002697398,0.000002697398,0.99999994,0,0,0,0,0,0,1,0,0,0,0,false,false,false,0,57.14,17.01,-0.003347471,0.00336905,0.7071016,0.7070959,0,394.611,8.321,0.00021,-0.00010999999,0
1210,2000,0,91.24,0.000002697398,0.000002697398,0.000002697398,0.99999994,0,0,0,0,0,0,1,0,0,0,0,false,false,false,0,60.43,17.01,-0.003347471,0.00336905,0.7071016,0.7070959,0,404.561,8.321,0.00021,-0.00010999999,0
1211,2000,0,91.24,0.000002697398,0.000002697398,0.000002697398,0.99999994,0,0,0,0,0,0,1,0,0,0,0,false,false,false,0,63.8,17.01,-0.003347471,0.00336905,0.7071016,0.7070959,0,414.421,8.321,0.00021,-0.00010999999,0
1212,2000,0,91.24,0.000002697398,0.000002697398,0.000002697398,0.99999994,0,0,0,0,0,0,1,0,0,0,0,false,false,false,0,67.25,17.01,-0.003347471,0.00336905,0.7071016,0.7070959,0,424.201,8.321,0.00021,-0.00010999999,0
1213,2000,0,91.24,0.000002697398,0.000002697398,0.000002697398,0.99999994,0,0,0,0,0,0,1,0,0,0,0,false,false,false,0,70.79,17.01,-0.003347471,0.00336905,0.7071016,0.7070959,0,433.891,8.321,0.00021,-0.00010999999,0
1214,2000,0,91.24,0.000002697398,0.000002697398,0.000002697398,0.99999994,0,0,0,0,0,0,1,0,0,0,0,false,false,false,0,74.409996,17.01,-0.003347471,0.00336905,0.7071016,0.7070959,0,443.501,8.321,0.00010999999,-0.00010999999,0
1215,2000,0,91.24,0.000002697398,0.000002697398,0.000002697398,0.99999994,0,0,0,0,0,0,1,0,0,0,0,false,false,false,0,78.11,17.01,-0.003347471,0.00336905,0.7071016,0.7070959,0,453.031,8.321,0.00010999999,-0.00010999999,0
1216,2000,0,91.24,0.000002697398,0.000002697398,0.000002697398,0.99999994,0,0,0,0,0,0,1,0,0,0,0,false,false,false,0,81.89,17.01,-0.003347471,0.00336905,0.7071016,0.7070959,0,462.481,8.321,0.00010999999,-0.00010999999,0
1217,2000,0,91.24,0.000002697398,0.000002697398,0.000002697398,0.99999994,0,0,0,0,0,0,1,0,0,0,0,false,false,false,0,85.74,17.01,-0.003347471,0.00336905,0.7071016,0.7070959,0,471.85098,8.321,0.00010999999,-0.00010999999,0
1218,2000,0,91.24,0.000002697398,0.000002697398,0.000002697398,0.99999994,0,0,0,0,0,0,1,0,0,0,0,false,false,false,0,89.67,17.01,-0.003347471,0.00336905,0.7071016,0.7070959,0,481.141,8.321,0.00010999999,-0.00010999999,0
1219,2000,0,91.24,0.000002697398,0.000002697398,0.000002697398,0.99999994,0,0,0,0,0,0,1,0,0,0,0,false,false,false,0,93.68,17.01,-0.003347471,0.00336905,0.7071016,0.7070959,0,490.35098,8.321,0.00010999999,-0.00010999999,0
1220,2000,0,91.24,0.000002697398,0.000002697398,0.000002697398,0.99999994,0,0,0,0,0,0,1,0,0,0,0,false,false,false,0,97.77,17.01,-0.003347471,0.00336905,0.7071016,0.7070959,0,499.481,8.321,0.00010999999,-0.00010999999,0
1221,2000,0,91.24,0.000002697398,0.000002697398,0.000002697398,0.99999994,0,0,0,0,0,0,1,0,0,0,0,false,false,false,0,101.93,17.01,-0.003347471,0.00336905,0.7071016,0.7070959,0,508.531,8.321,0.00010999999,-0.00010999999,0
1222,2000,0,91.24,0.000002697398,0.000002697398,0.000002697398,0.99999994,0,0,0,0,0,0,1,0,0,0,0,false,false,false,0,106.17,17.01,-0.003347471,0.00336905,0.7071016,0.7070959,0,517.501,8.321,0.00010999999,-0.00010999999,0
1223,2000,0,91.24,0.000002697398,0.000002697398,0.000002697398,0.99999994,0,0,0,0,0,0,1,0,0,0,0,false,false,false,0,110.479996,17.01,-0.003347471,0.00336905,0.7071016,0.7070959,0,526.391,8.321,0,-0.00010999999,0
1224,2000,0,91.24,0.000002697398,0.000002697398,0.000002697398,0.99999994,0,0,0,0,0,0,1,0,0,0,0,false,false,false,0,114.869995,17.01,-0.003347471,0.00336905,0.7071016,0.7070959,0,535.21094,8.321,0,-0.00010999999,0
1225,2000,0,91.24,0.000002697398,0.000002697398,0.000002697398,0.99999994,0,0,0,0,0,0,1,0,0,0,0,false,false,false,0,119.329994,17.01,-0.003347471,0.00336905,0.7071016,0.7070959,0,543.951,8.321,0,-0.00010999999,0
1226,2000,0,91.24,0.000002697398,0.000002697398,0.000002697398,0.99999994,0,0,0,0,0,0,1,0,0,0,0,false,false,false,0,123.86,17.01,-0.003347471,0.00336905,0.7071016,0.7070959,0,552.621,8.321,0,-0.00010999999,0
1227,2000,0,91.24,0.000002697398,0.000002697398,0.000002697398,0.99999994,0,0,0,0,0,0,1,0,0,0,0,false,false,false,0,128.47,17.01,-0.003347471,0.00336905,0.7071016,0.7070959,0,561.21094,8.321,0,-0.00010999999,0
1228,2000,0,91.24,0.000002697398,0.000002697398,0.000002697398,0.99999994,0,0,0,0,0,0,1,0,0,0,0,false,false,false,0,133.15,17.01,-0.003347471,0.00336905,0.7071016,0.7070959,0,569.73096,8.321,0,-0.00010999999,0
1229,2000,0,91.24,0.000002697398,0.000002697398,0.000002697398,0.99999994,0,0,0,0,0,0,1,0,0,0,0,false,false,false,0,137.9,17.01,-0.003347471,0.00336905,0.7071016,0.7070959,0,578.18097,8.321,0,-0.00010999999,0
1230,2000,0,91.24,0.000002697398,0.000002697398,0.000002697398,0.99999994,0,0,0,0,0,0,1,0,0,0,0,false,false,false,0,142.72,17.01,-0.003347471,0.00336905,0.7071016,0.7070959,0,586.55096,8.321,0,-0.00010999999,0
1231,2000,0,91.24,0.000002697398,0.000002697398,0.000002697398,0.99999994,0,0,0,0,0,0,1,0,0,0,0,false,false,false,0,147.61,17.01,-0.003347471,0.00336905,0.7071016,0.7070959,0,594.85095,8.321,0,-0.00010999999,0
1232,2000,0,91.24,0.000002697398,0.000002697398,0.000002697398,0.99999994,0,0,0,0,0,0,1,0,0,0,0,false,false,false,0,152.56999,17.01,-0.003347471,0.00336905,0.7071016,0.7070959,0,603.08093,8.321,0,-0.00010999999,0
1233,2000,0,91.24,0.000002697398,0.000002697398,0.000002697398,0.99999994,0,0,0,0,0,0,1,0,0,0,0,false,false,false,0,157.59999,17.01,-0.003347471,0.00336905,0.7071016,0.7070959,0,611.24097,8.321,0,-0.00010999999,0
1234,2000,0,91.24,0.000002697398,0.000002697398,0.000002697398,0.99999994,0,0,0,0,0,0,1,0,0,0,0,false,false,false,0,162.69,17.01,-0.003347471,0.00336905,0.7071016,0.7070959,0,619.33093,8.321,0,-0.00010999999,0
1235,2000,0,91.24,0.000002697398,0.000002697398,0.000002697398,0.99999994,0,0,0,0,0,0,1,0,0,0,0,false,false,false,0,167.84999,17.01,-0.003347471,0.00336905,0.7071016,0.7070959,0,627.35095,8.321,0,-0.00010999999,0
1236,2000,0,91.24,0.000002697398,0.000002697398,0.000002697398,0.99999994,0,0,0,0,0,0,1,0,0,0,0,false,false,false,0,173.08,17.01,-0.003347471,0.00336905,0.7071016,0.7070959,0,635.30096,8.321,0,-0.00010999999,0
1137,2000,0,91.24,0.000002697398,0.000002697398,0.000002697398,0.99999994,0,0,0,0,0,0,1,0,0,0,0,false,false,false,0,178.37,17.01,-0.003347471,0.00336905,0.7071016,0.7070959,0,643.18097,8.321,0,-0.00010999999,0
1238,2000,0,91.24,0.000002697398,0.000002697398,0.000002697398,0.99999994,0,0,0,0,0,0,1,0,0,0,0,false,false,false,0,183.73,17.01,-0.003347471,0.00336905,0.7071016,0.7070959,0,651.001,8.321,0,-0.00010999999,0
1139,2000,0,91.24,0.000002697398,0.000002697398,0.000002697398,0.99999994,0,0,0,0,0,0,1,0,0,0,0,false,false,false,0,189.15999,17.01,-0.003347471,0.00336905,0.7071016,0.7070959,0,658.751,8.321,0,-0.00010999999,0
1240,2000,0,91.24,0.000002697398,0.000002697398,0.000002697398,0.99999994,0,0,0,0,0,0,1,0,0,0,0,false,false,false,0,194.65,17.01,-0.003347471,0.00336905,0.7071016,0.7070959,0,666.43097,8.321,0,-0.00010999999,0
1241,2000,0,91.24,0.000002697398,0.000002697398,0.000002697398,0.99999994,0,0,0,0,0,0,1,0,0,0,0,false,false,false,0,200.2,17.01,-0.003347471,0.00336905,0.7071016,0.7070959,0,674.05096,8.321,0,-0.00010999999,0
1242,2000,0,91.24,0.000002697398,0.000002697398,0.000002697398,0.99999994,0,0,0,0,0,0,1,0,0,0,0,false,false,false,0,205.81999,17.01,-0.003347471,0.00336905,0.7071016,0.7070959,0,681.60095,8.321,0,-0.00010999999,0
1243,2000,0,91.24,0.000002697398,0.000002697398,0.000002697398,0.99999994,0,0,0,0,0,0,1,0,0,0,0,false,false,false,0,211.5,17.01,-0.003347471,0.00336905,0.7071016,0.7070959,0,689.09094,8.321,0,-0.00010999999,0
1244,2000,0,91.24,0.000002697398,0.000002697398,0.000002697398,0.99999994,0,0,0,0,0,0,1,0,0,0,0,false,false,false,0,217.23999,17.01,-0.003347471,0.00336905,0.7071016,0.7070959,0,696.511,8.321,0,-0.00010999999,0
1245,2000,0,91.24,0.000002697398,0.000002697398,0.000002697398,0.99999994,0,0,0,0,0,0,1,0,0,0,0,false,false,false,0,223.04,17.01,-0.003347471,0.00336905,0.7071016,0.7070959,0,703.871,8.321,0,-0.00010999999,0
1246,2000,0,91.24,0.000002697398,0.000002697398,0.000002697398,0.99999994,0,0,0,0,0,0,1,0,0,0,0,false,false,false,0,228.90999,17.01,-0.003347471,0.00336905,0.7071016,0.7070959,0,711.17096,8.321,0,-0.00010999999,0
1247,2000,0,91.24,0.000002697398,0.000002697398,0.000002697398,0.99999994,0,0,0,0,0,0,1,0,0,0,0,false,false,false,0,234.84,17.01,-0.003347471,0.00336905,0.7071016,0.7070959,0,718.40094,8.321,0,-0.00010999999,0
1248,2000,0,91.24,0.000002697398,0.000002697398,0.000002697398,0.99999994,0,0,0,0,0,0,1,0,0,0,0,false,false,false,0,240.83,17.01,-0.003347471,0.00336905,0.7071016,0.7070959,0,725.571,8.321,0,-0.00010999999,0
1249,2000,0,91.24,0.000002697398,0.000002697398,0.000002697398,0.99999994,0,0,0,0,0,0,1,0,0,0,0,false,false,false,0,246.87999,17.01,-0.003347471,0.00336905,0.7071016,0.7070959,0,732.68097,8.321,0,-0.00010999999,0
1250,2000,0,91.24,0.000002697398,0.000002697398,0.000002697398,0.99999994,0,0,0,0,0,0,1,0,0,0,0,false,false,false,0,252.98999,17.01,-0.003347471,0.00336905,0.7071016,0.7070959,0,739.73096,8.321,0,-0.00010999999,0
1251,2000,0,91.24,0.000002697398,0.000002697398,0.000002697398,0.99999994,0,0,0,0,0,0,1,0,0,0,0,false,false,false,0,259.15,17.01,-0.003347471,0.00336905,0.7071016,0.7070959,0,746.72095,8.321,0,-0.00010999999,0
1252,2000,0,91.24,0.000002697398,0.000002697398,0.000002697398,0.99999994,0,0,0,0,0,0,1,0,0,0,0,false,false,false,0,265.37,17.01,-0.003347471,0.00336905,0.7071016,0.7070959,0,753.65094,8.321,0,-0.00010999999,0
1253,2000,0,91.24,0.000002697398,0.000002697398,0.000002697398,0.99999994,0,0,0,0,0,0,1,0,0,0,0,false,false,false,0,271.65,17.01,-0.003347471,0.00336905,0.7071016,0.7070959,0,760.52094,8.321,0,-0.00010999999,0
1254,2000,0,91.24,0.000002697398,0.000002697398,0.000002697398,0.99999994,0,0,0,0,0,0,1,0,0,0,0,false,false,false,0,277.99,17.01,-0.003347471,0.00336905,0.7071016,0.7070959,0,767.33093,8.321,0,-0.00010999999,0
1255,2000,0,91.24,0.000002697398,0.000002697398,0.000002697398,0.99999994,0,0,0,0,0,0,1,0,0,0,0,false,false,false,0,284.38,17.01,-0.003347471,0.00336905,0.7071016,0.7070959,0,774.08093,8.321,0,-0.00010999999,0
1256,2000,0,91.24,0.000002697398,0.000002697398,0.000002697398,0.99999994,0,0,0,0,0,0,1,0,0,0,0,false,false,false,0,290.83,17.01,-0.003347471,0.00336905,0.7071016,0.7070959,0,780.77094,8.321,0,-0.00010999999,0
1257,2000,0,91.24,0.000002697398,0.000002697398,0.000002697398,0.99999994,0,0,0,0,0,0,1,0,0,0,0,false,false,false,0,297.34,17.01,-0.003347471,0.00336905,0.7071016,0.7070959,0,787.41095,8.321,0,-0.00010999999,0
1258,2000,0,91.24,0.000002697398,0.000002697398,0.000002697398,0.99999994,0,0,0,0,0,0,1,0,0,0,0,false,false,false,0,303.9,17.01,-0.003347471,0.00336905,0.7071016,0.7070959,0,793.99097,8.321,-0.00010999999,-0.00010999999,0
1259,2000,0,91.24,0.000002697398,0.000002697398,0.000002697398,0.99999994,0,0,0,0,0,0,1,0,0,0,0,false,false,false,0,310.52,17.01,-0.003347471,0.00336905,0.7071016,0.7070959,0,800.511,8.321,-0.00010999999,-0.00010999999,0
1260,2000,0,91.24,0.000002697398,0.000002697398,0.000002697398,0.99999994,0,0,0,0,0,0,1,0,0,0,0,false,false,false,0,317.19,17.01,-0.003347471,0.00336905,0.7071016,0.7070959,0,806.98096,8.321,-0.00010999999,-0.00010999999,0
1261,2000,0,91.24,0.000002697398,0.000002697398,0.000002697398,0.99999994,0,0,0,0,0,0,1,0,0,0,0,false,false,false,0,323.91,17.01,-0.003347471,0.00336905,0.7071016,0.7070959,0,813.3909,8.321,-0.00010999999,-0.00010999999,0
1262,2000,0,91.24,0.000002697398,0.000002697398,0.000002697398,0.99999994,0,0,0,0,0,0,1,0,0,0,0,false,false,false,0,330.69,17.01,-0.003347471,0.00336905,0.7071016,0.7070959,0,819.751,8.321,-0.00010999999,-0.00010999999,0
1263,2000,0,91.24,0.000002697398,0.000002697398,0.000002697398,0.99999994,0,0,0,0,0,0,1,0,0,0,0,false,false,false,0,337.52,17.01,-0.003347471,0.00336905,0.7071016,0.7070959,0,826.05096,8.321,-0.00010999999,-0.00010999999,0
1264,2000,0,91.24,0.000002697398,0.000002697398,0.000002697398,0.99999994,0,0,0,0,0,0,1,0,0,0,0,false,false,false,0,344.4,17.01,-0.003347471,0.00336905,0.7071016,0.7070959,0,832.30096,8.321,-0.00010999999,-0.00010999999,0
1265,2000,0,91.24,0.000002697398,0.000002697398,0.000002697398,0.99999994,0,0,0,0,0,0,1,0,0,0,0,false,false,false,0,351.34,17.01,-0.003347471,0.00336905,0.7071016,0.7070959,0,838.501,8.321,-0.00010999999,-0.00010999999,0
1266,2000,0,91.24,0.000002697398,0.000002697398,0.000002697398,0.99999994,0,0,0,0,0,0,1,0,0,0,0,false,false,false,0,358.33,17.01,-0.003347471,0.00336905,0.7071016,0.7070959,0,844.6409,8.321,-0.00010999999,-0.00010999999,0
1267,2000,0,91.24,0.000002697398,0.000002697398,0.000002697398,0.99999994,0,0,0,0,0,0,1,0,0,0,0,false,false,false,0,365.37,17.01,-0.003347471,0.00336905,0.7071016,0.7070959,0,850.73096,8.321,-0.00010999999,-0.00010999999,0
1268,2000,0,91.24,0.000002697398,0.000002697398,0.000002697398,0.99999994,0,0,0,0,0,0,1,0,0,0,0,false,false,false,0,372.46,17.01,-0.003347471,0.00336905,0.7071016,0.7070959,0,856.77094,8.321,-0.00010999999,-0.00010999999,0
1269,2000,0,91.24,0.000002697398,0.000002697398,0.000002697398,0.99999994,0,0,0,0,0,0,1,0,0,0,0,false,false,false,0,379.6,17.01,-0.003347471,0.00336905,0.7071016,0.7070959,0,862.761,8.321,-0.00010999999,-0.00010999999,0
1270,2000,0,91.24,0.000002697398,0.000002697398,0.000002697398,0.99999994,0,0,0,0,0,0,1,0,0,0,0,false,false,false,0,386.78998,17.01,-0.003347471,0.00336905,0.7071016,0.7070959,0,868.691,8.321,-0.00021,-0.00010999999,0
1271,2000,0,91.24,0.000002697398,0.000002697398,0.000002697398,0.99999994,0,0,0,0,0,0,1,0,0,0,0,false,false,false,0,394.03,17.01,-0.003347471,0.00336905,0.7071016,0.7070959,0,874.571,8.321,-0.00021,-0.00010999999,0
1272,2000,0,91.24,0.000002697398,0.000002697398,0.000002697398,0.99999994,0,0,0,0,0,0,1,0,0,0,0,false,false,false,0,401.31998,17.01,-0.003347471,0.00336905,0.7071016,0.7070959,0,880.40094,8.321,-0.00021,-0.00010999999,0
1273,2000,0,91.24,0.000002697398,0.000002697398,0.000002697398,0.99999994,0,0,0,0,0,0,1,0,0,0,0,false,false,false,0,408.66,17.01,-0.003347471,0.00336905,0.7071016,0.7070959,0,886.18097,8.321,-0.00021,-0.00010999999,0
1274,2000,0,91.24,0.000002697398,0.000002697398,0.000002697398,0.99999994,0,0,0,0,0,0,1,0,0,0,0,false,false,false,0,416.03998,17.01,-0.003347471,0.00336905,0.7071016,0.7070959,0,891.91095,8.321,-0.00021,-0.00010999999,0
1275,2000,0,91.24,0.000002697398,0.000002697398,0.000002697398,0.99999994,0,0,0,0,0,0,1,0,0,0,0,false,false,false,0,423.47,17.01,-0.003347471,0.00336905,0.7071016,0.7070959,0,897.59094,8.321,-0.00021,-0.00010999999,0
1276,2000,0,91.24,0.000002697398,0.000002697398,0.000002697398,0.99999994,0,0,0,0,0,0,1,0,0,0,0,false,false,false,0,430.94998,17.01,-0.003347471,0.00336905,0.7071016,0.7070959,0,903.23096,8.321,-0.00021,-0.00010999999,0
1277,2000,0,91.24,0.000002697398,0.000002697398,0.000002697398,0.99999994,0,0,0,0,0,0,1,0,0,0,0,false,false,false,0,438.47998,17.01,-0.003347471,0.00336905,0.7071016,0.7070959,0,908.821,8.321,-0.00021,-0.00010999999,0
1278,2000,0,91.24,0.000002697398,0.000002697398,0.000002697398,0.99999994,0,0,0,0,0,0,1,0,0,0,0,false,false,false,0,446.05,17.01,-0.003347471,0.00336905,0.7071016,0.7070959,0,914.36096,8.321,-0.00021,-0.00010999999,0
1279,2000,0,91.24,0.000002697398,0.000002697398,0.000002697398,0.99999994,0,0,0,0,0,0,1,0,0,0,0,false,false,false,0,453.66998,17.01,-0.003347471,0.00336905,0.7071016,0.7070959,0,919.85095,8.321,-0.00021,-0.00010999999,0
1280,2000,0,91.24,0.000002697398,0.000002697398,0.000002697398,0.99999994,0,0,0,0,0,0,1,0,0,0,0,false,false,false,0,461.34,17.01,-0.003347471,0.00336905,0.7071016,0.7070959,0,925.30096,8.321,-0.00021,-0.00010999999,0
1281,2000,0,91.24,0.000002697398,0.000002697398,0.000002697398,0.99999994,0,0,0,0,0,0,1,0,0,0,0,false,false,false,0,469.05,17.01,-0.003347471,0.00336905,0.7071016,0.7070959,0,930.7009,8.321,-0.00021,-0.00010999999,0
1282,2000,0,91.24,0.000002697398,0.000002697398,0.000002697398,0.99999994,0,0,0,0,0,0,1,0,0,0,0,false,false,false,0,476.81,17.01,-0.003347471,0.00336905,0.7071016,0.7070959,0,936.05096,8.321,-0.00021,-0.00010999999,0
1283,2000,0,91.24,0.000002697398,0.000002697398,0.000002697398,0.99999994,0,0,0,0,0,0,1,0,0,0,0,false,false,false,0,484.61,17.01,-0.003347471,0.00336905,0.7071016,0.7070959,0,941.36096,8.321,-0.00021,-0.00010999999,0
1284,2000,0,91.24,0.000002697398,0.000002697398,0.000002697398,0.99999994,0,0,0,0,0,0,1,0,0,0,0,false,false,false,0,492.44998,17.01,-0.003347471,0.00336905,0.7071016,0.7070959,0,946.621,8.321,-0.00021,-0.00010999999,0
1285,2000,0,91.24,0.000002697398,0.000002697398,0.000002697398,0.99999994,0,0,0,0,0,0,1,0,0,0,0,false,false,false,0,500.34,17.01,-0.003347471,0.00336905,0.7071016,0.7070959,0,951.84094,8.321,-0.00021,-0.00010999999,0
1286,2000,0,91.24,0.000002697398,0.000002697398,0.000002697398,0.99999994,0,0,0,0,0,0,1,0,0,0,0,false,false,false,0,508.27,17.01,-0.003347471,0.00336905,0.7071016,0.7070959,0,957.0109,8.321,-0.00030999997,-0.00010999999,0
1287,2000,0,91.24,0.000002697398,0.000002697398,0.000002697398,0.99999994,0,0,0,0,0,0,1,0,0,0,0,false,false,false,0,516.25,17.01,-0.003347471,0.00336905,0.7071016,0.7070959,0,962.1409,8.321,-0.00030999997,-0.00010999999,0
1288,2000,0,91.24,0.000002697398,0.000002697398,0.000002697398,0.99999994,0,0,0,0,0,0,1,0,0,0,0,false,false,false,0,524.26996,17.01,-0.003347471,0.00336905,0.7071016,0.7070959,0,967.22095,8.321,-0.00030999997,-0.00010999999,0
1289,2000,0,91.24,0.000002697398,0.000002697398,0.000002697398,0.99999994,0,0,0,0,0,0,1,0,0,0,0,false,false,false,0,532.33,17.01,-0.003347471,0.00336905,0.7071016,0.7070959,0,972.2609,8.321,-0.00030999997,-0.00010999999,0
1290,2000,0,91.24,0.000002697398,0.000002697398,0.000002697398,0.99999994,0,0,0,0,0,0,1,0,0,0,0,false,false,false,0,540.43,17.01,-0.003347471,0.00336905,0.7071016,0.7070959,0,977.2609,8.321,-0.00030999997,-0.00010999999,0
1291,2000,0,91.24,0.000002697398,0.000002697398,0.000002697398,0.99999994,0,0,0,0,0,0,1,0,0,0,0,false,false,false,0,548.57,17.01,-0.003347471,0.00336905,0.7071016,0.7070959,0,982.21094,8.321,-0.00030999997,-0.00010999999,0
1292,2000,0,91.24,0.000002697398,0.000002697398,0.000002697398,0.99999994,0,0,0,0,0,0,1,0,0,0,0,false,false,false,0,556.76,17.01,-0.003347471,0.00336905,0.7071016,0.7070959,0,987.121,8.321,-0.00030999997,-0.00010999999,0
1293,2000,0,91.24,0.000002697398,0.000002697398,0.000002697398,0.99999994,0,0,0,0,0,0,1,0,0,0,0,false,false,false,0,564.99,17.01,-0.003347471,0.00336905,0.7071016,0.7070959,0,991.99097,8.321,-0.00030999997,-0.00010999999,0
1294,2000,0,91.24,0.000002697398,0.000002697398,0.000002697398,0.99999994,0,0,0,0,0,0,1,0,0,0,0,false,false,false,0,573.26,17.01,-0.003347471,0.00336905,0.7071016,0.7070959,0,996.821,8.321,-0.00030999997,-0.00010999999,0
1295,2000,0,91.24,0.000002697398,0.000002697398,0.000002697398,0.99999994,0,0,0,0,0,0,1,0,0,0,0,false,false,false,0,581.57,17.01,-0.003347471,0.00336905,0.7071016,0.7070959,0,1001.61096,8.321,-0.00030999997,-0.00010999999,0
1296,2000,0,91.24,0.000002697398,0.000002697398,0.000002697398,0.99999994,0,0,0,0,0,0,1,0,0,0,0,false,false,false,0,589.92,17.01,-0.003347471,0.00336905,0.7071016,0.7070959,0,1006.35095,8.321,-0.00030999997,-0.00010999999,0
1297,2000,0,91.24,0.000002697398,0.000002697398,0.000002697398,0.99999994,0,0,0,0,0,0,1,0,0,0,0,false,false,false,0,598.31,17.01,-0.003347471,0.00336905,0.7071016,0.7070959,0,1011.05096,8.321,-0.00030999997,-0.00010999999,0
1298,2000,0,91.24,0.000002697398,0.000002697398,0.000002697398,0.99999994,0,0,0,0,0,0,1,0,0,0,0,false,false,false,0,606.74,17.01,-0.003347471,0.00336905,0.7071016,0.7070959,0,1015.71094,8.321,-0.00030999997,-0.00010999999,0
1299,2000,0,91.24,0.000002697398,0.000002697398,0.000002697398,0.99999994,0,0,0,0,0,0,1,0,0,0,0,false,false,false,0,615.2,17.01,-0.003347471,0.00336905,0.7071016,0.7070959,0,1020.33093,8.321,-0.00030999997,-0.00010999999,0
1300,2000,0,91.24,0.000002697398,0.000002697398,0.000002697398,0.99999994,0,0,0,0,0,0,1,0,0,0,0,false,false,false,0,623.7,17.01,-0.003347471,0.00336905,0.7071016,0.7070959,0,1024.911,8.321,-0.00030999997,-0.00010999999,0
1301,2000,0,91.24,0.000002697398,0.000002697398,0.000002697398,0.99999994,0,0,0,0,0,0,1,0,0,0,0,false,false,false,0,632.24,17.01,-0.003347471,0.00336905,0.7071016,0.7070959,0,1029.4509,8.321,-0.00030999997,-0.00010999999,0
1302,2000,0,91.24,0.000002697398,0.000002697398,0.000002697398,0.99999994,0,0,0,0,0,0,1,0,0,0,0,false,false,false,0,640.82,17.01,-0.003347471,0.00336905,0.7071016,0.7070959,0,1033.9609,8.321,-0.00030999997,-0.00010999999,0
1303,2000,0,91.24,0.000002697398,0.000002697398,0.000002697398,0.99999994,0,0,0,0,0,0,1,0,0,0,0,false,false,false,0,649.44,17.01,-0.003347471,0.00336905,0.7071016,0.7070959,0,1038.4309,8.321,-0.00030999997,-0.00010999999,0
1304,2000,0,91.24,0.000002697398,0.000002697398,0.000002697398,0.99999994,0,0,0,0,0,0,1,0,0,0,0,false,false,false,0,658.08997,17.01,-0.003347471,0.00336905,0.7071016,0.7070959,0,1042.861,8.321,-0.00030999997,-0.00010999999,0
1305,2000,0,91.24,0.000002697398,0.000002697398,0.000002697398,0.99999994,0,0,0,0,0,0,1,0,0,0,0,false,false,false,0,666.77997,17.01,-0.003347471,0.00336905,0.7071016,0.7070959,0,1047.251,8.321,-0.00040999998,-0.00010999999,0
1306,2000,0,91.24,0.000002697398,0.000002697398,0.000002697398,0.99999994,0,0,0,0,0,0,1,0,0,0,0,false,false,false,0,675.51,17.01,-0.003347471,0.00336905,0.7071016,0.7070959,0,1051.601,8.321,-0.00040999998,-0.00010999999,0
1307,2000,0,91.24,0.000002697398,0.000002697398,0.000002697398,0.99999994,0,0,0,0,0,0,1,0,0,0,0,false,false,false,0,684.26996,17.01,-0.003347471,0.00336905,0.7071016,0.7070959,0,1055.9209,8.321,-0.00040999998,-0.00010999999,0
1308,2000,0,91.24,0.000002697398,0.000002697398,0.000002697398,0.99999994,0,0,0,0,0,0,1,0,0,0,0,false,false,false,0,693.07,17.01,-0.003347471,0.00336905,0.7071016,0.7070959,0,1060.2009,8.321,-0.00040999998,-0.00010999999,0
1309,2000,0,91.24,0.000002697398,0.000002697398,0.000002697398,0.99999994,0,0,0,0,0,0,1,0,0,0,0,false,false,false,0,701.91,17.01,-0.003347471,0.00336905,0.7071016,0.7070959,0,1064.4409,8.321,-0.00040999998,-0.00010999999,0
1310,2000,0,91.24,0.000002697398,0.000002697398,0.000002697398,0.99999994,0,0,0,0,0,0,1,0,0,0,0,false,false,false,0,710.77997,17.01,-0.003347471,0.00336905,0.7071016,0.7070959,0,1068.651,8.321,-0.00040999998,-0.00010999999,0
1311,2000,0,91.24,0.000002697398,0.000002697398,0.000002697398,0.99999994,0,0,0,0,0,0,1,0,0,0,0,false,false,false,0,719.69,17.01,-0.003347471,0.00336905,0.7071016,0.7070959,0,1072.8209,8.321,-0.00040999998,-0.00010999999,0
1312,2000,0,91.24,0.000002697398,0.000002697398,0.000002697398,0.99999994,0,0,0,0,0,0,1,0,0,0,0,false,false,false,0,728.63,17.01,-0.003347471,0.00336905,0.7071016,0.7070959,0,1076.9509,8.321,-0.00040999998,-0.00010999999,0
1313,2000,0,91.24,0.000002697398,0.000002697398,0.000002697398,0.99999994,0,0,0,0,0,0,1,0,0,0,0,false,false,false,0,737.6,17.01,-0.003347471,0.00336905,0.7071016,0.7070959,0,1081.0509,8.321,-0.00040999998,-0.00010999999,0
1214,2000,0,91.24,0.000002697398,0.000002697398,0.000002697398,0.99999994,0,0,0,0,0,0,1,0,0,0,0,false,false,false,0,746.61,17.01,-0.003347471,0.00336905,0.7071016,0.7070959,0,1085.111,8.321,-0.00040999998,-0.00010999999,0
1315,2000,0,91.24,0.000002697398,0.000002697398,0.000002697398,0.99999994,0,0,0,0,0,0,1,0,0,0,0,false,false,false,0,755.64996,17.01,-0.003347471,0.00336905,0.7071016,0.7070959,0,1089.141,8.321,-0.00040999998,-0.00010999999,0
1316,2000,0,91.24,0.000002697398,0.000002697398,0.000002697398,0.99999994,0,0,0,0,0,0,1,0,0,0,0,false,false,false,0,764.73,17.01,-0.003347471,0.00336905,0.7071016,0.7070959,0,1093.131,8.321,-0.00040999998,-0.00010999999,0
1317,2000,0,91.24,0.000002697398,0.000002697398,0.000002697398,0.99999994,0,0,0,0,0,0,1,0,0,0,0,false,false,false,0,773.83997,17.01,-0.003347471,0.00336905,0.7071016,0.7070959,0,1097.091,8.321,-0.00040999998,-0.00010999999,0
1318,2000,0,91.24,0.000002697398,0.000002697398,0.000002697398,0.99999994,0,0,0,0,0,0,1,0,0,0,0,false,false,false,0,782.98,17.01,-0.003347471,0.00336905,0.7071016,0.7070959,0,1101.021,8.321,-0.00040999998,-0.00010999999,0
1319,2000,0,91.24,0.000002697398,0.000002697398,0.000002697398,0.99999994,0,0,0,0,0,0,1,0,0,0,0,false,false,false,0,792.16,17.01,-0.003347471,0.00336905,0.7071016,0.7070959,0,1104.911,8.321,-0.00040999998,-0.00010999999,0
1320,2000,0,91.24,0.000002697398,0.000002697398,0.000002697398,0.99999994,0,0,0,0,0,0,1,0,0,0,0,false,false,false,0,801.37,17.01,-0.003347471,0.00336905,0.7071016,0.7070959,0,1108.771,8.321,-0.00040999998,-0.00010999999,0
1321,2000,0,91.24,0.000002697398,0.000002697398,0.000002697398,0.99999994,0,0,0,0,0,0,1,0,0,0,0,false,false,false,0,810.61,17.01,-0.003347471,0.00336905,0.7071016,0.7070959,0,1112.601,8.321,-0.00040999998,-0.00010999999,0
1322,2000,0,91.24,0.000002697398,0.000002697398,0.000002697398,0.99999994,0,0,0,0,0,0,1,0,0,0,0,false,false,false,0,819.88,17.01,-0.003347471,0.00336905,0.7071016,0.7070959,0,1116.391,8.321,-0.00040999998,-0.00010999999,0
1323,2000,0,91.24,0.000002697398,0.000002697398,0.000002697398,0.99999994,0,0,0,0,0,0,1,0,0,0,0,false,false,false,0,829.18,17.01,-0.003347471,0.00336905,0.7071016,0.7070959,0,1120.151,8.321,-0.00040999998,-0.00010999999,0
1324,2000,0,91.24,0.000002697398,0.000002697398,0.000002697398,0.99999994,0,0,0,0,0,0,1,0,0,0,0,false,false,false,0,838.51,17.01,-0.003347471,0.00336905,0.7071016,0.7070959,0,1123.881,8.321,-0.00040999998,-0.00010999999,0
1325,2000,0,91.24,0.000002697398,0.000002697398,0.000002697398,0.99999994,0,0,0,0,0,0,1,0,0,0,0,false,false,false,0,847.88,17.01,-0.003347471,0.00336905,0.7071016,0.7070959,0,1127.5809,8.321,-0.00040999998,-0.00010999999,0
1326,2000,0,91.24,0.000002697398,0.000002697398,0.000002697398,0.99999994,0,0,0,0,0,0,1,0,0,0,0,false,false,false,0,857.27997,17.01,-0.003347471,0.00336905,0.7071016,0.7070959,0,1131.241,8.321,-0.00040999998,-0.00010999999,0
1327,2000,0,91.24,0.000002697398,0.000002697398,0.000002697398,0.99999994,0,0,0,0,0,0,1,0,0,0,0,false,false,false,0,866.70996,17.01,-0.003347471,0.00336905,0.7071016,0.7070959,0,1134.871,8.321,-0.00051,-0.00010999999,0
1328,2000,0,91.24,0.000002697398,0.000002697398,0.000002697398,0.99999994,0,0,0,0,0,0,1,0,0,0,0,false,false,false,0,876.17,17.01,-0.003347471,0.00336905,0.7071016,0.7070959,0,1138.471,8.321,-0.00051,-0.00010999999,0
1329,2000,0,91.24,0.000002697398,0.000002697398,0.000002697398,0.99999994,0,0,0,0,0,0,1,0,0,0,0,false,false,false,0,885.66,17.01,-0.003347471,0.00336905,0.7071016,0.7070959,0,1142.0409,8.321,-0.00051,-0.00010999999,0
1330,2000,0,91.24,0.000002697398,0.000002697398,0.000002697398,0.99999994,0,0,0,0,0,0,1,0,0,0,0,false,false,false,0,895.18,17.01,-0.003347471,0.00336905,0.7071016,0.7070959,0,1145.5809,8.321,-0.00051,-0.00010999999,0
1331,2000,0,91.24,0.000002697398,0.000002697398,0.000002697398,0.99999994,0,0,0,0,0,0,1,0,0,0,0,false,false,false,0,904.73,17.01,-0.003347471,0.00336905,0.7071016,0.7070959,0,1149.091,8.321,-0.00051,-0.00010999999,0
1332,2000,0,91.24,0.000002697398,0.000002697398,0.000002697398,0.99999994,0,0,0,0,0,0,1,0,0,0,0,false,false,false,0,914.31,17.01,-0.003347471,0.00336905,0.7071016,0.7070959,0,1152.5709,8.321,-0.00051,-0.00010999999,0
1333,2000,0,91.24,0.000002697398,0.000002697398,0.000002697398,0.99999994,0,0,0,0,0,0,1,0,0,0,0,false,false,false,0,923.91,17.01,-0.003347471,0.00336905,0.7071016,0.7070959,0,1156.021,8.321,-0.00051,-0.00010999999,0
1334,2000,0,91.24,0.000002697398,0.000002697398,0.000002697398,0.99999994,0,0,0,0,0,0,1,0,0,0,0,false,false,false,0,933.54,17.01,-0.003347471,0.00336905,0.7071016,0.7070959,0,1159.4409,8.321,-0.00051,-0.00010999999,0
1335,2000,0,91.24,0.000002697398,0.000002697398,0.000002697398,0.99999994,0,0,0,0,0,0,1,0,0,0,0,false,false,false,0,943.19995,17.01,-0.003347471,0.00336905,0.7071016,0.7070959,0,1162.8309,8.321,-0.00051,-0.00010999999,0
1336,2000,0,91.24,0.000002697398,0.000002697398,0.000002697398,0.99999994,0,0,0,0,0,0,1,0,0,0,0,false,false,false,0,952.88995,17.01,-0.003347471,0.00336905,0.7071016,0.7070959,0,1166.1909,8.321,-0.00051,-0.00010999999,0
1337,2000,0,91.24,0.000002697398,0.000002697398,0.000002697398,0.99999994,0,0,0,0,0,0,1,0,0,0,0,false,false,false,0,962.61,17.01,-0.003347471,0.00336905,0.7071016,0.7070959,0,1169.521,8.321,-0.00051,-0.00010999999,0
1338,2000,0,91.24,0.000002697398,0.000002697398,0.000002697398,0.99999994,0,0,0,0,0,0,1,0,0,0,0,false,false,false,0,972.36,17.01,-0.003347471,0.00336905,0.7071016,0.7070959,0,1172.8309,8.321,-0.00051,-0.00010999999,0
1339,2000,0,91.24,0.000002697398,0.000002697398,0.000002697398,0.99999994,0,0,0,0,0,0,1,0,0,0,0,false,false,false,0,982.13,17.01,-0.003347471,0.00336905,0.7071016,0.7070959,0,1176.111,8.321,-0.00051,-0.00010999999,0
1340,2000,0,91.24,0.000002697398,0.000002697398,0.000002697398,0.99999994,0,0,0,0,0,0,1,0,0,0,0,false,false,false,0,991.93,17.01,-0.003347471,0.00336905,0.7071016,0.7070959,0,1179.361,8.321,-0.00051,-0.00010999999,0
1341,2000,0,91.24,0.000002697398,0.000002697398,0.000002697398,0.99999994,0,0,0,0,0,0,1,0,0,0,0,false,false,false,0,1001.75995,17.01,-0.003347471,0.00336905,0.7071016,0.7070959,0,1182.5809,8.321,-0.00051,-0.00010999999,0
1342,2000,0,91.24,0.000002697398,0.000002697398,0.000002697398,0.99999994,0,0,0,0,0,0,1,0,0,0,0,false,false,false,0,1011.61,17.01,-0.003347471,0.00336905,0.7071016,0.7070959,0,1185.771,8.321,-0.00051,-0.00010999999,0
1343,2000,0,91.24,0.000002697398,0.000002697398,0.000002697398,0.99999994,0,0,0,0,0,0,1,0,0,0,0,false,false,false,0,1021.49,17.01,-0.003347471,0.00336905,0.7071016,0.7070959,0,1188.9409,8.321,-0.00051,-0.00010999999,0
1344,2000,0,91.24,0.000002697398,0.000002697398,0.000002697398,0.99999994,0,0,0,0,0,0,1,0,0,0,0,false,false,false,0,1031.4,17.01,-0.003347471,0.00336905,0.7071016,0.7070959,0,1192.0809,8.321,-0.00051,-0.00010999999,0
1345,2000,0,91.24,0.000002697398,0.000002697398,0.000002697398,0.99999994,0,0,0,0,0,0,1,0,0,0,0,false,false,false,0,1041.33,17.01,-0.003347471,0.00336905,0.7071016,0.7070959,0,1195.1909,8.321,-0.00051,-0.00010999999,0
1346,2000,0,91.24,0.000002697398,0.000002697398,0.000002697398,0.99999994,0,0,0,0,0,0,1,0,0,0,0,false,false,false,0,1051.2899,17.01,-0.003347471,0.00336905,0.7071016,0.7070959,0,1198.281,8.321,-0.00051,-0.00010999999,0
1347,2000,0,91.24,0.000002697398,0.000002697398,0.000002697398,0.99999994,0,0,0,0,0,0,1,0,0,0,0,false,false,false,0,1061.28,17.01,-0.003347471,0.00336905,0.7071016,0.7070959,0,1201.341,8.321,-0.00051,-0.00010999999,0
1348,2000,0,91.24,0.000002697398,0.000002697398,0.000002697398,0.99999994,0,0,0,0,0,0,1,0,0,0,0,false,false,false,0,1071.2899,17.01,-0.003347471,0.00336905,0.7071016,0.7070959,0,1204.371,8.321,-0.00051,-0.00010999999,0
1349,2000,0,91.24,0.000002697398,0.000002697398,0.000002697398,0.99999994,0,0,0,0,0,0,1,0,0,0,0,false,false,false,0,1081.33,17.01,-0.003347471,0.00336905,0.7071016,0.7070959,0,1207.381,8.321,-0.00051,-0.00010999999,0
1350,2000,0,91.24,0.000002697398,0.000002697398,0.000002697398,0.99999994,0,0,0,0,0,0,1,0,0,0,0,false,false,false,0,1091.39,17.01,-0.003347471,0.00336905,0.7071016,0.7070959,0,1210.361,8.321,-0.00051,-0.00010999999,0
1351,2000,0,91.24,0.000002697398,0.000002697398,0.000002697398,0.99999994,0,0,0,0,0,0,1,0,0,0,0,false,false,false,0,1101.48,17.01,-0.003347471,0.00336905,0.7071016,0.7070959,0,1213.3209,8.321,-0.00051,-0.00010999999,0
1352,2000,0,91.24,0.000002697398,0.000002697398,0.000002697398,0.99999994,0,0,0,0,0,0,1,0,0,0,0,false,false,false,0,1111.59,17.01,-0.003347471,0.00336905,0.7071016,0.7070959,0,1216.251,8.321,-0.00051,-0.00010999999,0
1353,2000,0,91.24,0.000002697398,0.000002697398,0.000002697398,0.99999994,0,0,0,0,0,0,1,0,0,0,0,false,false,false,0,1121.73,17.01,-0.003347471,0.00336905,0.7071016,0.7070959,0,1219.151,8.321,-0.00051,-0.00010999999,0
1354,2000,0,91.24,0.000002697398,0.000002697398,0.000002697398,0.99999994,0,0,0,0,0,0,1,0,0,0,0,false,false,false,0,1131.89,17.01,-0.003347471,0.00336905,0.7071016,0.7070959,0,1222.031,8.321,-0.00061,-0.00010999999,0
1355,2000,0,91.24,0.000002697398,0.000002697398,0.000002697398,0.99999994,0,0,0,0,0,0,1,0,0,0,0,false,false,false,0,1142.07,17.01,-0.003347471,0.00336905,0.7071016,0.7070959,0,1224.891,8.321,-0.00061,-0.00010999999,0
1356,2000,0,91.24,0.000002697398,0.000002697398,0.000002697398,0.99999994,0,0,0,0,0,0,1,0,0,0,0,false,false,false,0,1152.28,17.01,-0.003347471,0.00336905,0.7071016,0.7070959,0,1227.721,8.321,-0.00061,-0.00010999999,0
1357,2000,0,91.24,0.000002697398,0.000002697398,0.000002697398,0.99999994,0,0,0,0,0,0,1,0,0,0,0,false,false,false,0,1162.51,17.01,-0.003347471,0.00336905,0.7071016,0.7070959,0,1230.531,8.321,-0.00061,-0.00010999999,0
1358,2000,0,91.24,0.000002697398,0.000002697398,0.000002697398,0.99999994,0,0,0,0,0,0,1,0,0,0,0,false,false,false,0,1172.76,17.01,-0.003347471,0.00336905,0.7071016,0.7070959,0,1233.3109,8.321,-0.00061,-0.00010999999,0
1359,2000,0,91.24,0.000002697398,0.000002697398,0.000002697398,0.99999994,0,0,0,0,0,0,1,0,0,0,0,false,false,false,0,1183.0399,17.01,-0.003347471,0.00336905,0.7071016,0.7070959,0,1236.0709,8.321,-0.00061,-0.00010999999,0
1360,2000,0,91.24,0.000002697398,0.000002697398,0.000002697398,0.99999994,0,0,0,0,0,0,1,0,0,0,0,false,false,false,0,1193.34,17.01,-0.003347471,0.00336905,0.7071016,0.7070959,0,1238.8009,8.321,-0.00061,-0.00010999999,0
1361,2000,0,91.24,0.000002697398,0.000002697398,0.000002697398,0.99999994,0,0,0,0,0,0,1,0,0,0,0,false,false,false,0,1203.6599,17.01,-0.003347471,0.00336905,0.7071016,0.7070959,0,1241.511,8.321,-0.00061,-0.00010999999,0
1362,2000,0,91.24,0.000002697398,0.000002697398,0.000002697398,0.99999994,0,0,0,0,0,0,1,0,0,0,0,false,false,false,0,1214.01,17.01,-0.003347471,0.00336905,0.7071016,0.7070959,0,1244.2009,8.321,-0.00061,-0.00010999999,0
1363,2000,0,91.24,0.000002697398,0.000002697398,0.000002697398,0.99999994,0,0,0,0,0,0,1,0,0,0,0,false,false,false,0,1224.38,17.01,-0.003347471,0.00336905,0.7071016,0.7070959,0,1246.871,8.321,-0.00061,-0.00010999999,0
1364,2000,0,91.24,0.000002697398,0.000002697398,0.000002697398,0.99999994,0,0,0,0,0,0,1,0,0,0,0,false,false,false,0,1234.77,17.01,-0.003347471,0.00336905,0.7071016,0.7070959,0,1249.511,8.321,-0.00061,-0.00010999999,0
1365,2000,0,91.24,0.000002697398,0.000002697398,0.000002697398,0.99999994,0,0,0,0,0,0,1,0,0,0,0,false,false,false,0,1245.1799,17.01,-0.003347471,0.00336905,0.7071016,0.7070959,0,1252.131,8.321,-0.00061,-0.00010999999,0
1366,2000,0,91.24,0.000002697398,0.000002697398,0.000002697398,0.99999994,0,0,0,0,0,0,1,0,0,0,0,false,false,false,0,1255.61,17.01,-0.003347471,0.00336905,0.7071016,0.7070959,0,1254.731,8.321,-0.00061,-0.00010999999,0
1367,2000,0,91.24,0.000002697398,0.000002697398,0.000002697398,0.99999994,0,0,0,0,0,0,1,0,0,0,0,false,false,false,0,1266.07,17.01,-0.003347471,0.00336905,0.7071016,0.7070959,0,1257.3109,8.321,-0.00061,-0.00010999999,0
1368,2000,0,91.24,0.000002697398,0.000002697398,0.000002697398,0.99999994,0,0,0,0,0,0,1,0,0,0,0,false,false,false,0,1276.5499,17.01,-0.003347471,0.00336905,0.7071016,0.7070959,0,1259.861,8.321,-0.00061,-0.00010999999,0
1369,2000,0,91.24,0.000002697398,0.000002697398,0.000002697398,0.99999994,0,0,0,0,0,0,1,0,0,0,0,false,false,false,0,1287.0499,17.01,-0.003347471,0.00336905,0.7071016,0.7070959,0,1262.391,8.321,-0.00061,-0.00010999999,0
1370,2000,0,91.24,0.000002697398,0.000002697398,0.000002697398,0.99999994,0,0,0,0,0,0,1,0,0,0,0,false,false,false,0,1297.57,17.01,-0.003347471,0.00336905,0.7071016,0.7070959,0,1264.901,8.321,-0.00061,-0.00010999999,0
1371,2000,0,91.24,0.000002697398,0.000002697398,0.000002697398,0.99999994,0,0,0,0,0,0,1,0,0,0,0,false,false,false,0,1308.11,17.01,-0.003347471,0.00336905,0.7071016,0.7070959,0,1267.391,8.321,-0.00061,-0.00010999999,0
1372,2000,0,91.24,0.000002697398,0.000002697398,0.000002697398,0.99999994,0,0,0,0,0,0,1,0,0,0,0,false,false,false,0,1318.6699,17.01,-0.003347471,0.00336905,0.7071016,0.7070959,0,1269.861,8.321,-0.00061,-0.00010999999,0
1373,2000,0,91.24,0.000002697398,0.000002697398,0.000002697398,0.99999994,0,0,0,0,0,0,1,0,0,0,0,false,false,false,0,1329.25,17.01,-0.003347471,0.00336905,0.7071016,0.7070959,0,1272.3109,8.321,-0.00061,-0.00010999999,0
1374,2000,0,91.24,0.000002697398,0.000002697398,0.000002697398,0.99999994,0,0,0,0,0,0,1,0,0,0,0,false,false,false,0,1339.85,17.01,-0.003347471,0.00336905,0.7071016,0.7070959,0,1274.731,8.321,-0.00061,-0.00010999999,0
1375,2000,0,91.24,0.000002697398,0.000002697398,0.000002697398,0.99999994,0,0,0,0,0,0,1,0,0,0,0,false,false,false,0,1350.47,17.01,-0.003347471,0.00336905,0.7071016,0.7070959,0,1277.131,8.321,-0.00061,-0.00010999999,0
1376,2000,0,91.24,0.000002697398,0.000002697398,0.000002697398,0.99999994,0,0,0,0,0,0,1,0,0,0,0,false,false,false,0,1361.11,17.01,-0.003347471,0.00336905,0.7071016,0.7070959,0,1279.511,8.321,-0.00061,-0.00010999999,0
1377,2000,0,91.24,0.000002697398,0.000002697398,0.000002697398,0.99999994,0,0,0,0,0,0,1,0,0,0,0,false,false,false,0,1371.77,17.01,-0.003347471,0.00336905,0.7071016,0.7070959,0,1281.871,8.321,-0.00061,-0.00010999999,0
1378,2000,0,91.24,0.000002697398,0.000002697398,0.000002697398,0.99999994,0,0,0,0,0,0,1,0,0,0,0,false,false,false,0,1382.45,17.01,-0.003347471,0.00336905,0.7071016,0.7070959,0,1284.2109,8.321,-0.00061,-0.00010999999,0
1379,2000,0,91.24,0.000002697398,0.000002697398,0.000002697398,0.99999994,0,0,0,0,0,0,1,0,0,0,0,false,false,false,0,1393.15,17.01,-0.003347471,0.00336905,0.7071016,0.7070959,0,1286.531,8.321,-0.00061,-0.00010999999,0
1380,2000,0,91.24,0.000002697398,0.000002697398,0.000002697398,0.99999994,0,0,0,0,0,0,1,0,0,0,0,false,false,false,0,1403.87,17.01,-0.003347471,0.00336905,0.7071016,0.7070959,0,1288.8309,8.321,-0.00061,-0.00010999999,0
1381,2000,0,91.24,0.000002697398,0.000002697398,0.000002697398,0.99999994,0,0,0,0,0,0,1,0,0,0,0,false,false,false,0,1414.61,17.01,-0.003347471,0.00336905,0.7071016,0.7070959,0,1291.111,8.321,-0.00061,-0.00010999999,0
1382,2000,0,91.24,0.000002697398,0.000002697398,0.000002697398,0.99999994,0,0,0,0,0,0,1,0,0,0,0,false,false,false,0,1425.37,17.01,-0.003347471,0.00336905,0.7071016,0.7070959,0,1293.371,8.321,-0.00061,-0.00010999999,0
1383,2000,0,91.24,0.000002697398,0.000002697398,0.000002697398,0.99999994,0,0,0,0,0,0,1,0,0,0,0,false,false,false,0,1436.15,17.01,-0.003347471,0.00336905,0.7071016,0.7070959,0,1295.611,8.321,-0.00061,-0.00010999999,0
1384,2000,0,91.24,0.000002697398,0.000002697398,0.000002697398,0.99999994,0,0,0,0,0,0,1,0,0,0,0,false,false,false,0,1446.95,17.01,-0.003347471,0.00336905,0.7071016,0.7070959,0,1297.8309,8.321,-0.00061,-0.00010999999,0
1385,2000,0,91.24,0.000002697398,0.000002697398,0.000002697398,0.99999994,0,0,0,0,0,0,1,0,0,0,0,false,false,false,0,1457.77,17.01,-0.003347471,0.00336905,0.7071016,0.7070959,0,1300.0409,8.321,-0.00061,-0.00010999999,0
1386,2000,0,91.24,0.000002697398,0.000002697398,0.000002697398,0.99999994,0,0,0,0,0,0,1,0,0,0,0,false,false,false,0,1468.6,17.01,-0.003347471,0.00336905,0.7071016,0.7070959,0,1302.231,8.321,-0.00061,-0.00010999999,0
1387,2000,0,91.24,0.000002697398,0.000002697398,0.000002697398,0.99999994,0,0,0,0,0,0,1,0,0,0,0,false,false,false,0,1479.45,17.01,-0.003347471,0.00336905,0.7071016,0.7070959,0,1304.401,8.321,-0.00061,-0.00010999999,0
1388,2000,0,91.24,0.000002697398,0.000002697398,0.000002697398,0.99999994,0,0,0,0,0,0,1,0,0,0,0,false,false,false,0,1490.32,17.01,-0.003347471,0.00336905,0.7071016,0.7070959,0,1306.5509,8.321,-0.00061,-0.00010999999,0
1389,2000,0,91.24,0.000002697398,0.000002697398,0.000002697398,0.99999994,0,0,0,0,0,0,1,0,0,0,0,false,false,false,0,1501.21,17.01,-0.003347471,0.00336905,0.7071016,0.7070959,0,1308.6809,8.321,-0.00071,-0.00010999999,0
1390,2000,0,91.24,0.000002697398,0.000002697398,0.000002697398,0.99999994,0,0,0,0,0,0,1,0,0,0,0,false,false,false,0,1512.12,17.01,-0.003347471,0.00336905,0.7071016,0.7070959,0,1310.7909,8.321,-0.00071,-0.00010999999,0
1391,2000,0,91.24,0.000002697398,0.000002697398,0.000002697398,0.99999994,0,0,0,0,0,0,1,0,0,0,0,false,false,false,0,1523.0399,17.01,-0.003347471,0.00336905,0.7071016,0.7070959,0,1312.881,8.321,-0.00071,-0.00010999999,0
1392,2000,0,91.24,0.000002697398,0.000002697398,0.000002697398,0.99999994,0,0,0,0,0,0,1,0,0,0,0,false,false,false,0,1533.98,17.01,-0.003347471,0.00336905,0.7071016,0.7070959,0,1314.9609,8.321,-0.00071,-0.00010999999,0
1393,2000,0,91.24,0.000002697398,0.000002697398,0.000002697398,0.99999994,0,0,0,0,0,0,1,0,0,0,0,false,false,false,0,1544.94,17.01,-0.003347471,0.00336905,0.7071016,0.7070959,0,1317.021,8.321,-0.00071,-0.00010999999,0
1394,2000,0,91.24,0.000002697398,0.000002697398,0.000002697398,0.99999994,0,0,0,0,0,0,1,0,0,0,0,false,false,false,0,1555.9199,17.01,-0.003347471,0.00336905,0.7071016,0.7070959,0,1319.0609,8.321,-0.00071,-0.00010999999,0
1395,2000,0,91.24,0.000002697398,0.000002697398,0.000002697398,0.99999994,0,0,0,0,0,0,1,0,0,0,0,false,false,false,0,1566.9099,17.01,-0.003347471,0.00336905,0.7071016,0.7070959,0,1321.0809,8.321,-0.00071,-0.00010999999,0
1396,2000,0,91.24,0.000002697398,0.000002697398,0.000002697398,0.99999994,0,0,0,0,0,0,1,0,0,0,0,false,false,false,0,1577.9199,17.01,-0.003347471,0.00336905,0.7071016,0.7070959,0,1323.091,8.321,-0.00071,-0.00010999999,0
1397,2000,0,91.24,0.000002697398,0.000002697398,0.000002697398,0.99999994,0,0,0,0,0,0,1,0,0,0,0,false,false,false,0,1588.95,17.01,-0.003347471,0.00336905,0.7071016,0.7070959,0,1325.0809,8.321,-0.00071,-0.00010999999,0
1398,2000,0,91.24,0.000002697398,0.000002697398,0.000002697398,0.99999994,0,0,0,0,0,0,1,0,0,0,0,false,false,false,0,1599.99,17.01,-0.003347471,0.00336905,0.7071016,0.7070959,0,1327.0509,8.321,-0.00071,-0.00010999999,0
1399,2000,0,91.24,0.000002697398,0.000002697398,0.000002697398,0.99999994,0,0,0,0,0,0,1,0,0,0,0,false,false,false,0,1611.0499,17.01,-0.003347471,0.00336905,0.7071016,0.7070959,0,1329.011,8.321,-0.00071,-0.00010999999,0
1400,2000,0,91.24,0.000002697398,0.000002697398,0.000002697398,0.99999994,0,0,0,0,0,0,1,0,0,0,0,false,false,false,0,1622.12,17.01,-0.003347471,0.00336905,0.7071016,0.7070959,0,1330.9509,8.321,-0.00071,-0.00010999999,0
1401,2000,0,91.24,0.000002697398,0.000002697398,0.000002697398,0.99999994,0,0,0,0,0,0,1,0,0,0,0,false,false,false,0,1633.21,17.01,-0.003347471,0.00336905,0.7071016,0.7070959,0,1332.871,8.321,-0.00071,-0.00010999999,0
1402,2000,0,91.24,0.000002697398,0.000002697398,0.000002697398,0.99999994,0,0,0,0,0,0,1,0,0,0,0,false,false,false,0,1644.32,17.01,-0.003347471,0.00336905,0.7071016,0.7070959,0,1334.781,8.321,-0.00071,-0.00010999999,0
1403,2000,0,91.24,0.000002697398,0.000002697398,0.000002697398,0.99999994,0,0,0,0,0,0,1,0,0,0,0,false,false,false,0,1655.44,17.01,-0.003347471,0.00336905,0.7071016,0.7070959,0,1336.6709,8.321,-0.00071,-0.00010999999,0
1404,2000,0,91.24,0.000002697398,0.000002697398,0.000002697398,0.99999994,0,0,0,0,0,0,1,0,0,0,0,false,false,false,0,1666.58,17.01,-0.003347471,0.00336905,0.7071016,0.7070959,0,1338.5409,8.321,-0.00071,-0.00010999999,0
1405,2000,0,91.24,0.000002697398,0.000002697398,0.000002697398,0.99999994,0,0,0,0,0,0,1,0,0,0,0,false,false,false,0,1677.73,17.01,-0.003347471,0.00336905,0.7071016,0.7070959,0,1340.401,8.321,-0.00071,-0.00010999999,0
1406,2000,0,91.24,0.000002697398,0.000002697398,0.000002697398,0.99999994,0,0,0,0,0,0,1,0,0,0,0,false,false,false,0,1688.8999,17.01,-0.003347471,0.00336905,0.7071016,0.7070959,0,1342.241,8.321,-0.00071,-0.00010999999,0
1407,2000,0,91.24,0.000002697398,0.000002697398,0.000002697398,0.99999994,0,0,0,0,0,0,1,0,0,0,0,false,false,false,0,1700.09,17.01,-0.003347471,0.00336905,0.7071016,0.7070959,0,1344.0609,8.321,-0.00071,-0.00010999999,0
1408,2000,0,91.24,0.000002697398,0.000002697398,0.000002697398,0.99999994,0,0,0,0,0,0,1,0,0,0,0,false,false,false,0,1711.2899,17.01,-0.003347471,0.00336905,0.7071016,0.7070959,0,1345.871,8.321,-0.00071,-0.00010999999,0
1409,2000,0,91.24,0.000002697398,0.000002697398,0.000002697398,0.99999994,0,0,0,0,0,0,1,0,0,0,0,false,false,false,0,1722.51,17.01,-0.003347471,0.00336905,0.7071016,0.7070959,0,1347.6609,8.321,-0.00071,-0.00010999999,0
1410,2000,0,91.24,0.000002697398,0.000002697398,0.000002697398,0.99999994,0,0,0,0,0,0,1,0,0,0,0,false,false,false,0,1733.74,17.01,-0.003347471,0.00336905,0.7071016,0.7070959,0,1349.4409,8.321,-0.00071,-0.00010999999,0
1411,2000,0,91.24,0.000002697398,0.000002697398,0.000002697398,0.99999994,0,0,0,0,0,0,1,0,0,0,0,false,false,false,0,1744.99,17.01,-0.003347471,0.00336905,0.7071016,0.7070959,0,1351.2009,8.321,-0.00071,-0.00010999999,0
1412,2000,0,91.24,0.000002697398,0.000002697398,0.000002697398,0.99999994,0,0,0,0,0,0,1,0,0,0,0,false,false,false,0,1756.25,17.01,-0.003347471,0.00336905,0.7071016,0.7070959,0,1352.9509,8.321,-0.00071,-0.00010999999,0
1413,2000,0,91.24,0.000002697398,0.000002697398,0.000002697398,0.99999994,0,0,0,0,0,0,1,0,0,0,0,false,false,false,0,1767.52,17.01,-0.003347471,0.00336905,0.7071016,0.7070959,0,1354.6809,8.321,-0.00071,-0.00010999999,0
1414,2000,0,91.24,0.000002697398,0.000002697398,0.000002697398,0.99999994,0,0,0,0,0,0,1,0,0,0,0,false,false,false,0,1778.8099,17.01,-0.003347471,0.00336905,0.7071016,0.7070959,0,1356.401,8.321,-0.00071,-0.00010999999,0
1415,2000,0,91.24,0.000002697398,0.000002697398,0.000002697398,0.99999994,0,0,0,0,0,0,1,0,0,0,0,false,false,false,0,1790.11,17.01,-0.003347471,0.00336905,0.7071016,0.7070959,0,1358.101,8.321,-0.00071,-0.00010999999,0
1416,2000,0,91.24,0.000002697398,0.000002697398,0.000002697398,0.99999994,0,0,0,0,0,0,1,0,0,0,0,false,false,false,0,1801.4299,17.01,-0.003347471,0.00336905,0.7071016,0.7070959,0,1359.7909,8.321,-0.00071,-0.00010999999,0
1417,2000,0,91.24,0.000002697398,0.000002697398,0.000002697398,0.99999994,0,0,0,0,0,0,1,0,0,0,0,false,false,false,0,1812.76,17.01,-0.003347471,0.00336905,0.7071016,0.7070959,0,1361.4609,8.321,-0.00071,-0.00010999999,0
1418,2000,0,91.24,0.000002697398,0.000002697398,0.000002697398,0.99999994,0,0,0,0,0,0,1,0,0,0,0,false,false,false,0,1824.11,17.01,-0.003347471,0.00336905,0.7071016,0.7070959,0,1363.121,8.321,-0.00071,-0.00010999999,0
1419,2000,0,91.24,0.000002697398,0.000002697398,0.000002697398,0.99999994,0,0,0,0,0,0,1,0,0,0,0,false,false,false,0,1835.47,17.01,-0.003347471,0.00336905,0.7071016,0.7070959,0,1364.771,8.321,-0.00071,-0.00010999999,0
1420,2000,0,91.24,0.000002697398,0.000002697398,0.000002697398,0.99999994,0,0,0,0,0,0,1,0,0,0,0,false,false,false,0,1846.84,17.01,-0.003347471,0.00336905,0.7071016,0.7070959,0,1366.401,8.321,-0.00071,-0.00010999999,0
1421,2000,0,91.24,0.000002697398,0.000002697398,0.000002697398,0.99999994,0,0,0,0,0,0,1,0,0,0,0,false,false,false,0,1858.23,17.01,-0.003347471,0.00336905,0.7071016,0.7070959,0,1368.021,8.321,-0.00071,-0.00010999999,0
1422,2000,0,91.24,0.000002697398,0.000002697398,0.000002697398,0.99999994,0,0,0,0,0,0,1,0,0,0,0,false,false,false,0,1869.63,17.01,-0.003347471,0.00336905,0.7071016,0.7070959,0,1369.621,8.321,-0.00071,-0.00010999999,0
1423,2000,0,91.24,0.000002697398,0.000002697398,0.000002697398,0.99999994,0,0,0,0,0,0,1,0,0,0,0,false,false,false,0,1881.0399,17.01,-0.003347471,0.00336905,0.7071016,0.7070959,0,1371.2109,8.321,-0.00071,-0.00010999999,0
1424,2000,0,91.24,0.000002697398,0.000002697398,0.000002697398,0.99999994,0,0,0,0,0,0,1,0,0,0,0,false,false,false,0,1892.47,17.01,-0.003347471,0.00336905,0.7071016,0.7070959,0,1372.7909,8.321,-0.00071,-0.00010999999,0
1425,2000,0,91.24,0.000002697398,0.000002697398,0.000002697398,0.99999994,0,0,0,0,0,0,1,0,0,0,0,false,false,false,0,1903.9099,17.01,-0.003347471,0.00336905,0.7071016,0.7070959,0,1374.351,8.321,-0.00071,-0.00010999999,0
1426,2000,0,91.24,0.000002697398,0.000002697398,0.000002697398,0.99999994,0,0,0,0,0,0,1,0,0,0,0,false,false,false,0,1915.36,17.01,-0.003347471,0.00336905,0.7071016,0.7070959,0,1375.901,8.321,-0.00071,-0.00010999999,0
1427,2000,0,91.24,0.000002697398,0.000002697398,0.000002697398,0.99999994,0,0,0,0,0,0,1,0,0,0,0,false,false,false,0,1926.83,17.01,-0.003347471,0.00336905,0.7071016,0.7070959,0,1377.4409,8.321,-0.00071,-0.00010999999,0
1428,2000,0,91.24,0.000002697398,0.000002697398,0.000002697398,0.99999994,0,0,0,0,0,0,1,0,0,0,0,false,false,false,0,1938.3099,17.01,-0.003347471,0.00336905,0.7071016,0.7070959,0,1378.9609,8.321,-0.00071,-0.00010999999,0
1429,2000,0,91.24,0.000002697398,0.000002697398,0.000002697398,0.99999994,0,0,0,0,0,0,1,0,0,0,0,false,false,false,0,1949.7999,17.01,-0.003347471,0.00336905,0.7071016,0.7070959,0,1380.471,8.321,-0.00071,-0.00010999999,0
1430,2000,0,91.24,0.000002697398,0.000002697398,0.000002697398,0.99999994,0,0,0,0,0,0,1,0,0,0,0,false,false,false,0,1961.2999,17.01,-0.003347471,0.00336905,0.7071016,0.7070959,0,1381.971,8.321,-0.00071,-0.00010999999,0
1431,2000,0,91.24,0.000002697398,0.000002697398,0.000002697398,0.99999994,0,0,0,0,0,0,1,0,0,0,0,false,false,false,0,1972.82,17.01,-0.003347471,0.00336905,0.7071016,0.7070959,0,1383.4509,8.321,-0.00071,-0.00010999999,0
1432,2000,0,91.24,0.000002697398,0.000002697398,0.000002697398,0.99999994,0,0,0,0,0,0,1,0,0,0,0,false,false,false,0,1984.35,17.01,-0.003347471,0.00336905,0.7071016,0.7070959,0,1384.9209,8.321,-0.00071,-0.00010999999,0
1433,2000,0,91.24,0.000002697398,0.000002697398,0.000002697398,0.99999994,0,0,0,0,0,0,1,0,0,0,0,false,false,false,0,1995.89,17.01,-0.003347471,0.00336905,0.7071016,0.7070959,0,1386.381,8.321,-0.00071,-0.00010999999,0
1434,2000,0,91.24,0.000002697398,0.000002697398,0.000002697398,0.99999994,0,0,0,0,0,0,1,0,0,0,0,false,false,false,0,2007.44,17.01,-0.003347471,0.00336905,0.7071016,0.7070959,0,1387.8309,8.321,-0.00071,-0.00010999999,0
1435,2000,0,91.24,0.000002697398,0.000002697398,0.000002697398,0.99999994,0,0,0,0,0,0,1,0,0,0,0,false,false,false,0,2019.01,17.01,-0.003347471,0.00336905,0.7071016,0.7070959,0,1389.261,8.321,-0.00071,-0.00010999999,0
1436,2000,0,91.24,0.000002697398,0.000002697398,0.000002697398,0.99999994,0,0,0,0,0,0,1,0,0,0,0,false,false,false,0,2030.59,17.01,-0.003347471,0.00336905,0.7071016,0.7070959,0,1390.6809,8.321,-0.00071,-0.00010999999,0
1437,2000,0,91.24,0.000002697398,0.000002697398,0.000002697398,0.99999994,0,0,0,0,0,0,1,0,0,0,0,false,false,false,0,2042.1799,17.01,-0.003347471,0.00336905,0.7071016,0.7070959,0,1392.091,8.321,-0.00071,-0.00010999999,0
1438,2000,0,91.24,0.000002697398,0.000002697398,0.000002697398,0.99999994,0,0,0,0,0,0,1,0,0,0,0,false,false,false,0,2053.78,17.01,-0.003347471,0.00336905,0.7071016,0.7070959,0,1393.491,8.321,-0.00071,-0.00010999999,0
1439,2000,0,91.24,0.000002697398,0.000002697398,0.000002697398,0.99999994,0,0,0,0,0,0,1,0,0,0,0,false,false,false,0,2065.39,17.01,-0.003347471,0.00336905,0.7071016,0.7070959,0,1394.881,8.321,-0.00071,-0.00010999999,0
1440,2000,0,91.24,0.000002697398,0.000002697398,0.000002697398,0.99999994,0,0,0,0,0,0,1,0,0,0,0,false,false,false,0,2077.01,17.01,-0.003347471,0.00336905,0.7071016,0.7070959,0,1396.251,8.321,-0.00071,-0.00010999999,0
1441,2000,0,91.24,0.000002697398,0.000002697398,0.000002697398,0.99999994,0,0,0,0,0,0,1,0,0,0,0,false,false,false,0,2088.65,17.01,-0.003347471,0.00336905,0.7071016,0.7070959,0,1397.611,8.321,-0.00081,-0.00010999999,0
1442,2000,0,91.24,0.000002697398,0.000002697398,0.000002697398,0.99999994,0,0,0,0,0,0,1,0,0,0,0,false,false,false,0,2100.3,17.01,-0.003347471,0.00336905,0.7071016,0.7070959,0,1398.9609,8.321,-0.00081,-0.00010999999,0
1443,2000,0,91.24,0.000002697398,0.000002697398,0.000002697398,0.99999994,0,0,0,0,0,0,1,0,0,0,0,false,false,false,0,2111.96,17.01,-0.003347471,0.00336905,0.7071016,0.7070959,0,1400.3009,8.321,-0.00081,-0.00010999999,0
1444,2000,0,91.24,0.000002697398,0.000002697398,0.000002697398,0.99999994,0,0,0,0,0,0,1,0,0,0,0,false,false,false,0,2123.63,17.01,-0.003347471,0.00336905,0.7071016,0.7070959,0,1401.601,8.321,-0.00081,-0.00010999999,0
1445,2000,0,91.24,0.000002697398,0.000002697398,0.000002697398,0.99999994,0,0,0,0,0,0,1,0,0,0,0,false,false,false,0,2135.31,17.01,-0.003347471,0.00336905,0.7071016,0.7070959,0,1402.721,8.321,-0.00081,-0.00010999999,0
1446,2000,0,91.24,0.000002697398,0.000002697398,0.000002697398,0.99999994,0,0,0,0,0,0,1,0,0,0,0,false,false,false,0,2147,17.01,-0.003347471,0.00336905,0.7071016,0.7070959,0,1403.7009,8.321,-0.00081,-0.00010999999,0
1447,2000,0,91.24,0.000002697398,0.000002697398,0.000002697398,0.99999994,0,0,0,0,0,0,1,0,0,0,0,false,false,false,0,2158.7,17.01,-0.003347471,0.00336905,0.7071016,0.7070959,0,1404.5409,8.321,-0.00081,-0.00010999999,0
1448,2000,0,91.24,0.000002697398,0.000002697398,0.000002697398,0.99999994,0,0,0,0,0,0,1,0,0,0,0,false,false,false,0,2170.4,17.01,-0.003347471,0.00336905,0.7071016,0.7070959,0,1405.271,8.321,-0.00081,-0.00010999999,0
1449,2000,0,91.24,0.000002697398,0.000002697398,0.000002697398,0.99999994,0,0,0,0,0,0,1,0,0,0,0,false,false,false,0,2182.1099,17.01,-0.003347471,0.00336905,0.7071016,0.7070959,0,1405.9109,8.321,-0.00081,-0.00010999999,0
1450,2000,0,91.24,0.000002697398,0.000002697398,0.000002697398,0.99999994,0,0,0,0,0,0,1,0,0,0,0,false,false,false,0,2193.8298,17.01,-0.003347471,0.00336905,0.7071016,0.7070959,0,1406.4609,8.321,-0.00091,-0.00010999999,0
1451,2000,0,91.24,0.000002697398,0.000002697398,0.000002697398,0.99999994,0,0,0,0,0,0,1,0,0,0,0,false,false,false,0,2205.55,17.01,-0.0033528658,0.00336905,0.7071016,0.7070959,0,1406.9409,8.321,-0.00091,-0.00010999999,0
1452,2000,0,91.24,0.000002697398,0.000002697398,0.000002697398,0.99999994,0,0,0,0,0,0,1,0,0,0,0,false,false,false,0,2217.27,17.01,-0.00335826,0.0033690496,0.7071015,0.70709586,0,1407.351,8.321,-0.00091,-0.00010999999,0
1453,2000,0,91.24,0.000002697398,0.000002697398,0.000002697398,0.99999994,0,0,0,0,0,0,1,0,0,0,0,false,false,false,0,2229,17.01,-0.0033636554,0.00336905,0.7071015,0.7070959,0,1407.7109,8.321,-0.00081,-0.00010999999,0
1454,2000,0,91.24,0.000002697398,0.000002697398,0.000002697398,0.99999994,0,0,0,0,0,0,1,0,0,0,0,false,false,false,0,2240.73,17.01,-0.0033636554,0.00336905,0.7071015,0.7070959,0,1408.021,8.321,-0.00071,0,0
1455,2000,0,91.24,0.000002697398,0.000002697398,0.000002697398,0.99999994,0,0,0,0,0,0,1,0,0,0,0,false,false,false,0,2252.46,17.01,-0.0033636554,0.00336905,0.7071015,0.7070959,0,1408.2909,8.321,-0.00071,0,0
1456,2000,0,91.24,0.000002697398,0.000002697398,0.000002697398,0.99999994,0,0,0,0,0,0,1,0,0,0,0,false,false,false,0,2264.2,17.01,-0.0033636554,0.00336905,0.7071015,0.7070959,0,1408.521,8.321,-0.00071,0,0
1457,2000,0,91.24,0.000002697398,0.000002697398,0.000002697398,0.99999994,0,0,0,0,0,0,1,0,0,0,0,false,false,false,0,2275.94,17.01,-0.0033636554,0.00336905,0.7071015,0.7070959,0,1408.721,8.321,-0.00071,0,0
1458,2000,0,91.24,0.000002697398,0.000002697398,0.000002697398,0.99999994,0,0,0,0,0,0,1,0,0,0,0,false,false,false,0,2287.68,17.01,-0.0033636554,0.00336905,0.7071015,0.7070959,0,1408.901,8.321,-0.00071,0,0
1459,2000,0,91.24,0.000002697398,0.000002697398,0.000002697398,0.99999994,0,0,0,0,0,0,1,0,0,0,0,false,false,false,0,2299.42,17.01,-0.0033636554,0.00336905,0.7071015,0.7070959,0,1409.0509,8.321,-0.00071,0,0
1460,2000,0,91.24,0.000002697398,0.000002697398,0.000002697398,0.99999994,0,0,0,0,0,0,1,0,0,0,0,false,false,false,0,2311.16,17.01,-0.0033636554,0.00336905,0.7071015,0.7070959,0,1409.1809,8.321,-0.00071,0,0
1461,2000,0,91.24,0.000002697398,0.000002697398,0.000002697398,0.99999994,0,0,0,0,0,0,1,0,0,0,0,false,false,false,0,2322.9,17.01,-0.0033636554,0.00336905,0.7071015,0.7070959,0,1409.2909,8.321,-0.00071,0,0
1462,2000,0,91.24,0.000002697398,0.000002697398,0.000002697398,0.99999994,0,0,0,0,0,0,1,0,0,0,0,false,false,false,0,2334.64,17.01,-0.0033636554,0.00336905,0.7071015,0.7070959,0,1409.391,8.321,-0.00071,0,0
1463,2000,0,91.24,0.000002697398,0.000002697398,0.000002697398,0.99999994,0,0,0,0,0,0,1,0,0,0,0,false,false,false,0,2346.38,17.01,-0.0033636554,0.00336905,0.7071015,0.7070959,0,1409.481,8.321,-0.00071,0,0
1464,2000,0,91.24,0.000002697398,0.000002697398,0.000002697398,0.99999994,0,0,0,0,0,0,1,0,0,0,0,false,false,false,0,2358.13,17.01,-0.0033636554,0.00336905,0.7071015,0.7070959,0,1409.5509,8.321,-0.00071,0,0
1465,2000,0,91.24,0.000002697398,0.000002697398,0.000002697398,0.99999994,0,0,0,0,0,0,1,0,0,0,0,false,false,false,0,2369.88,17.01,-0.0033636554,0.00336905,0.7071015,0.7070959,0,1409.611,8.321,-0.00071,0,0
1466,2000,0,91.24,0.000002697398,0.000002697398,0.000002697398,0.99999994,0,0,0,0,0,0,1,0,0,0,0,false,false,false,0,2381.63,17.01,-0.0033636554,0.00336905,0.7071015,0.7070959,0,1409.6709,8.321,-0.00071,0,0
1467,2000,0,91.24,0.000002697398,0.000002697398,0.000002697398,0.99999994,0,0,0,0,0,0,1,0,0,0,0,false,false,false,0,2393.38,17.01,-0.0033636554,0.00336905,0.7071015,0.7070959,0,1409.721,8.321,-0.00071,0,0
1468,2000,0,91.24,0.000002697398,0.000002697398,0.000002697398,0.99999994,0,0,0,0,0,0,1,0,0,0,0,false,false,false,0,2405.13,17.01,-0.0033636554,0.00336905,0.7071015,0.7070959,0,1409.761,8.321,-0.00071,0,0
1469,2000,0,91.24,0.000002697398,0.000002697398,0.000002697398,0.99999994,0,0,0,0,0,0,1,0,0,0,0,false,false,false,0,2416.88,17.01,-0.0033636554,0.00336905,0.7071015,0.7070959,0,1409.8009,8.321,-0.00071,0,0
1470,2000,0,91.24,0.000002697398,0.000002697398,0.000002697398,0.99999994,0,0,0,0,0,0,1,0,0,0,0,false,false,false,0,2428.63,17.01,-0.0033636554,0.00336905,0.7071015,0.7070959,0,1409.8309,8.321,-0.00071,0,0
1471,2000,0,91.24,0.000002697398,0.000002697398,0.000002697398,0.99999994,0,0,0,0,0,0,1,0,0,0,0,false,false,false,0,2440.38,17.01,-0.0033636554,0.00336905,0.7071015,0.7070959,0,1409.861,8.321,-0.00071,0,0
1472,2000,0,91.24,0.000002697398,0.000002697398,0.000002697398,0.99999994,0,0,0,0,0,0,1,0,0,0,0,false,false,false,0,2452.13,17.01,-0.0033636554,0.00336905,0.7071015,0.7070959,0,1409.881,8.321,-0.00071,0,0
1473,2000,0,91.24,0.000002697398,0.000002697398,0.000002697398,0.99999994,0,0,0,0,0,0,1,0,0,0,0,false,false,false,0,2463.88,17.01,-0.0033636554,0.00336905,0.7071015,0.7070959,0,1409.901,8.321,-0.00071,0,0
1474,2000,0,91.24,0.000002697398,0.000002697398,0.000002697398,0.99999994,0,0,0,0,0,0,1,0,0,0,0,false,false,false,0,2475.63,17.01,-0.0033636554,0.00336905,0.7071015,0.7070959,0,1409.9209,8.321,-0.00071,0,0
1475,2000,0,91.24,0.000002697398,0.000002697398,0.000002697398,0.99999994,0,0,0,0,0,0,1,0,0,0,0,false,false,false,0,2487.38,17.01,-0.0033636554,0.00336905,0.7071015,0.7070959,0,1409.9409,8.321,-0.00071,0,0
1476,2000,0,91.24,0.000002697398,0.000002697398,0.000002697398,0.99999994,0,0,0,0,0,0,1,0,0,0,0,false,false,false,0,2499.13,17.01,-0.0033636554,0.00336905,0.7071015,0.7070959,0,1409.9509,8.321,-0.00071,0,0
1477,2000,0,91.24,0.000002697398,0.000002697398,0.000002697398,0.99999994,0,0,0,0,0,0,1,0,0,0,0,false,false,false,0,2510.88,17.01,-0.0033636554,0.00336905,0.7071015,0.7070959,0,1409.9609,8.321,-0.00071,0,0
1478,2000,0,91.24,0.000002697398,0.000002697398,0.000002697398,0.99999994,0,0,0,0,0,0,1,0,0,0,0,false,false,false,0,2522.63,17.01,-0.0033636554,0.00336905,0.7071015,0.7070959,0,1409.971,8.321,-0.00071,0,0
1479,2000,0,91.24,0.000002697398,0.000002697398,0.000002697398,0.99999994,0,0,0,0,0,0,1,0,0,0,0,false,false,false,0,2534.38,17.01,-0.0033636554,0.00336905,0.7071015,0.7070959,0,1409.981,8.321,-0.00071,0,0
1480,2000,0,91.24,0.000002697398,0.000002697398,0.000002697398,0.99999994,0,0,0,0,0,0,1,0,0,0,0,false,false,false,0,2546.13,17.01,-0.0033636554,0.00336905,0.7071015,0.7070959,0,1409.991,8.321,-0.00071,0,0
1481,2000,0,91.24,0.000002697398,0.000002697398,0.000002697398,0.99999994,0,0,0,0,0,0,1,0,0,0,0,false,false,false,0,2557.88,17.01,-0.0033636554,0.00336905,0.7071015,0.7070959,0,1410.001,8.321,-0.00071,0,0
