time,ball_loc_x,ball_loc_y,ball_loc_z,ball_rot_x,ball_rot_y,ball_rot_z,ball_rot_w,ball_vel_x,ball_vel_y,ball_vel_z,ball_ang_x,ball_ang_y,ball_ang_z,player0_throttle,player0_steer,player0_pitch,player0_yaw,player0_roll,player0_jump,player0_boost,player0_handbrake,player0_loc_x,player0_loc_y,player0_loc_z,player0_rot_x,player0_rot_y,player0_rot_z,player0_rot_w,player0_vel_x,player0_vel_y,player0_vel_z,player0_ang_x,player0_ang_y,player0_ang_z,player1_throttle,player1_steer,player1_pitch,player1_yaw,player1_roll,player1_jump,player1_boost,player1_handbrake,player1_loc_x,player1_loc_y,player1_loc_z,player1_rot_x,player1_rot_y,player1_rot_z,player1_rot_w,player1_vel_x,player1_vel_y,player1_vel_z,player1_ang_x,player1_ang_y,player1_ang_z
105.5,-281.41,-4807.28,769.99,0.77058107,-0.19000813,-0.14988151,0.5896076,469.301,138.251,-82.701,5.19401,1.5397099,-2.5789099,1,-0.859375,0,0,0,false,false,false,323.72,-5548.5,24.689999,-0.013683942,0.019531943,0.8759875,0.48174366,-109.861,247.921,-1.621,-0.00010999999,-0.057509996,-1.4665099,0.22834645,0.015748031,0,0,0,false,false,false,-494.66998,-3577.38,17.01,0.0021606158,0.00429156,-0.44356453,0.8962295,574.071,-752.381,8.321,0,0.00061,0.02901
105.50833,-277.5,-4806.13,769.26,0.780098,-0.19120038,-0.16522436,0.572355,469.181,138.211,-88.090996,5.19401,1.5397099,-2.5789099,1,-0.8515625,0,0,0,false,false,false,322.8,-5546.4297,24.609999,-0.013775655,0.019499576,0.8730254,0.48708993,-113.370995,258.761,-2.0509999,-0.00021,-0.057809997,-1.47671,0.22834645,0.015748031,0,0,0,false,false,false,-489.88998,-3583.65,17.01,0.0021606158,0.00429156,-0.44345662,0.8962829,574.97095,-753.191,8.321,-0.00030999997,0.00040999998,0.03011
105.51667,-273.59,-4804.98,768.48,0.7891259,-0.19227396,-0.18046471,0.5547463,469.061,138.171,-93.480995,5.19401,1.5397099,-2.5789099,1,-0.8203125,0,0,0,false,false,false,321.86,-5544.27,24.529999,-0.013867366,0.019467205,0.87000805,0.49245772,-116.431,269.641,-2.491,-0.00021,-0.05831,-1.48961,0.48818898,0.015748031,0,0,0,false,false,false,-485.09998,-3589.93,17.01,0.0021606158,0.00429156,-0.44334334,0.89633894,575.871,-754.001,8.321,-0.00040999998,0.00030999997,0.03111
105.525,-269.68,-4803.83,767.66,0.7976593,-0.19322883,-0.19559179,0.53679234,468.941,138.131,-98.870995,5.19401,1.5397099,-2.5789099,1,-0.8046875,0,0,0,false,false,false,320.88998,-5542.02,24.439999,-0.013959078,0.01943484,0.86693144,0.49785265,-119.451,280.471,-2.9409997,-0.00021,-0.058409996,-1.49491,0.48818898,0.015748031,0,0,0,false,false,false,-480.3,-3596.21,17.01,0.0021606158,0.00429156,-0.44322464,0.89639765,577.59094,-755.871,8.321,-0.00051,0.00021,0.032009996
105.53333,-265.77,-4802.6797,766.79,0.8056936,-0.19406508,-0.21059477,0.5185039,468.82098,138.091,-104.260994,5.19401,1.5397099,-2.5789099,0,-0.7734375,0,0,0,false,false,false,319.88998,-5539.6797,24.35,-0.014050789,0.019402469,0.8638102,0.5032474,-122.190994,291.301,-3.3809998,-0.00021,-0.058409996,-1.49841,0.46456692,0.015748031,0,0,0,false,false,false,-475.49,-3602.51,17.01,0.002155221,0.00429156,-0.44310597,0.8964563,579.311,-757.73096,8.321,-0.00061,0.00021,0.032709997
105.541664,-261.86,-4801.53,765.88,0.8132244,-0.19477718,-0.22546826,0.49989185,468.701,138.05101,-109.65099,5.19401,1.5397099,-2.5789099,0,-0.7578125,0,0,0,false,false,false,318.87,-5537.25,24.25,-0.0141425,0.0193701,0.860647,0.5086368,-119.791,288.151,-3.281,-0.0012099999,-0.055509996,-1.43161,0.46456692,0.015748031,0,0,0,false,false,false,-470.66,-3608.8198,17.01,0.0021498261,0.00429156,-0.4429819,0.89651763,580.951,-759.49097,8.321,-0.00061,0.00021,0.033309996
105.55,-257.96,-4800.38,764.92,0.8202465,-0.1953706,-0.24020153,0.4809668,468.581,138.011,-115.031,5.19401,1.5397099,-2.5789099,0,-0.71875,0,0,0,false,false,false,317.87,-5534.85,24.15,-0.014228817,0.019343125,0.8575934,0.51376724,-117.451,284.981,-3.1509998,-0.0019099999,-0.052509997,-1.36131,0.23622048,0.015748031,0,0,0,false,false,false,-465.81998,-3615.15,17.01,0.0021444315,0.00429156,-0.4428578,0.89657897,582.59094,-761.23096,8.321,-0.00061,0.00021,0.033809997
105.558334,-254.06,-4799.23,763.92,0.8267577,-0.19583997,-0.25478372,0.46173972,468.461,137.97101,-120.410995,5.19401,1.5397099,-2.5789099,0,-0.7109375,0,0,0,false,false,false,316.88998,-5532.48,24.06,-0.014309739,0.019316152,0.85466194,0.51862794,-114.711,281.881,-3.011,-0.00221,-0.050009996,-1.30091,0.23622048,0.015748031,0,0,0,false,false,false,-460.97,-3621.49,17.01,0.0021390365,0.00429156,-0.44273373,0.89664024,583.511,-762.04095,8.321,-0.00051,0.00021,0.034209996
105.566666,-250.15999,-4798.08,762.87,0.83275497,-0.19618522,-0.26920402,0.44222122,468.341,137.931,-125.791,5.19401,1.5397099,-2.5789099,0,-0.6796875,0,0,0,false,false,false,315.93,-5530.13,23.97,-0.014385266,0.019294573,0.851835,0.5232568,-112.020996,278.751,-2.8809998,-0.0023100001,-0.047609996,-1.23971,0.05511811,0.023622047,0,0,0,false,false,false,-456.11,-3627.8398,17.01,0.0021336419,0.00429156,-0.44260424,0.8967042,583.96094,-762.04095,8.321,-0.00030999997,0.00021,0.03741
105.575,-246.26,-4796.9297,761.77997,0.8382311,-0.19640641,-0.28345716,0.42242762,468.221,137.891,-131.171,5.19401,1.5397099,-2.5789099,0,-0.6640625,0,0,0,false,false,false,315,-5527.81,23.88,-0.014460794,0.019272992,0.8491178,0.5276535,-109.050995,275.651,-2.771,-0.00221,-0.045609996,-1.18691,0.05511811,0.023622047,0,0,0,false,false,false,-451.24,-3634.19,17.01,0.0021336419,0.00429156,-0.442464,0.8967734,584.40094,-762.05096,8.321,-0.00021,0.00021,0.040009998
105.583336,-242.36,-4795.78,760.63995,0.84318286,-0.1965089,-0.29753223,0.40236968,468.10098,137.851,-136.55101,5.19401,1.5397099,-2.5789099,0,-0.640625,0,0,0,false,false,false,314.09,-5525.51,23.789999,-0.014530926,0.019251414,0.8464945,0.5318507,-106.020996,272.531,-2.6609998,-0.00211,-0.04381,-1.1374099,-0.015625,0.023622047,0,0,0,false,false,false,-446.37,-3640.54,17.01,0.0021336419,0.00429156,-0.44231293,0.8968479,584.831,-762.061,8.321,-0.00010999999,0.00021,0.042209998
105.59167,-238.45999,-4794.63,759.45996,0.8476055,-0.19648732,-0.31142387,0.3820636,467.981,137.811,-141.931,5.19401,1.5397099,-2.5789099,0,-0.625,0,0,0,false,false,false,313.21,-5523.2397,23.699999,-0.014601058,0.019229835,0.8439621,0.535859,-103.160995,269.361,-2.5509999,-0.0019099999,-0.041909996,-1.08581,-0.015625,0.023622047,0,0,0,false,false,false,-441.5,-3646.89,17.01,0.002133642,0.0042915605,-0.44215652,0.8969251,567.28094,-738.761,8.321,0.00131,0.00131,0.042209998
105.6,-234.56,-4793.48,758.23,0.85150045,-0.19634166,-0.3251213,0.36151472,467.861,137.77101,-147.311,5.19401,1.5397099,-2.5789099,0,-0.6015625,0,0,0,false,false,false,312.35,-5521,23.609999,-0.0146657955,0.019208256,0.8415276,0.53967315,-100.131,266.191,-2.4309998,-0.0017099999,-0.04031,-1.0412099,0.47244096,0.023622047,0,0,0,false,false,false,-436.77,-3653.0498,17.01,0.0021336416,0.0042969547,-0.44199997,0.89700204,549.73096,-715.46094,8.321,0.00201,0.0019099999,0.042209998
105.60833,-230.65999,-4792.33,756.95996,0.8548623,-0.19607194,-0.3386138,0.3407447,467.741,137.731,-152.69101,5.19401,1.5397099,-2.5789099,0,-0.59375,0,0,0,false,false,false,311.52,-5518.78,23.519999,-0.014725138,0.019186676,0.8391771,0.5433201,-97.251,262.961,-2.3009999,-0.00151,-0.038609996,-0.99551,0.47244096,0.023622047,0,0,0,false,false,false,-432.19,-3659.01,17.01,0.0021390365,0.0043077446,-0.44184357,0.89707917,551.631,-717.33093,8.321,0.00081,0.0010099999,0.044409998
105.61667,-226.76,-4791.1797,755.63995,0.8576896,-0.19568351,-0.35189584,0.31975886,467.621,137.69101,-158.061,5.19401,1.5397099,-2.5789099,0,-0.5703125,0,0,0,false,false,false,310.71,-5516.59,23.43,-0.014784481,0.019165097,0.8369134,0.5467997,-94.260994,259.721,-2.1609998,-0.00131,-0.03721,-0.95571,1,0.015748031,0,0,0,false,false,false,-427.59,-3664.99,17.01,0.0021390365,0.0043131392,-0.44167635,0.8971615,553.52094,-719.201,8.321,0.00010999999,0.00040999998,0.04621
105.625,-222.86,-4790.03,754.27997,0.8599818,-0.195171,-0.36495665,0.29857346,467.501,137.651,-163.431,5.19401,1.5397099,-2.5789099,0,-0.5625,0,0,0,false,false,false,309.91998,-5514.4297,23.34,-0.014838429,0.019143518,0.8347287,0.55012834,-91.461,256.411,-2.011,-0.00111,-0.03571,-0.91431,1,0.015748031,0,0,0,false,false,false,-422.97998,-3670.98,17.01,0.0021390365,0.0043131392,-0.4415037,0.8972464,557.11096,-723.441,8.321,-0.00040999998,0,0.044809997
105.63333,-218.97,-4788.88,752.87,0.8617359,-0.1945398,-0.3777909,0.2771992,467.38098,137.61101,-168.80101,5.19401,1.5397099,-2.5789099,0,-0.5390625,0,0,0,false,false,false,309.16,-5512.29,23.26,-0.014892378,0.019121941,0.8326254,0.5533059,-88.581,253.091,-1.841,-0.00091,-0.034409996,-0.87821,1,0.015748031,0,0,0,false,false,false,-418.34,-3677.01,17.01,0.0021390368,0.0043131397,-0.4413365,0.89732873,560.68097,-727.631,8.321,-0.00071,-0.00010999999,0.04361
105.64167,-215.08,-4787.73,751.42,0.8629522,-0.19378452,-0.3903878,0.25565228,467.261,137.571,-174.171,5.19401,1.5397099,-2.5789099,0,-0.53125,0,0,0,false,false,false,308.41998,-5510.1797,23.18,-0.014946325,0.019100359,0.8305913,0.5563539,-85.840996,249.72101,-1.701,-0.00071,-0.033109996,-0.84171,1,0.015748031,0,0,0,false,false,false,-413.66998,-3683.0698,17.01,0.0021336419,0.0043131392,-0.44117463,0.8974083,564.23096,-731.78094,8.321,-0.00081,-0.00021,0.042609997
105.65,-211.19,-4786.58,749.92,0.8636274,-0.19291055,-0.40274197,0.23394898,467.141,137.531,-179.541,5.19401,1.5397099,-2.5789099,0,-0.5078125,0,0,0,false,false,false,307.69998,-5508.1,23.1,-0.014994876,0.019078778,0.8286322,0.55926704,-83.120995,246.311,-1.571,-0.00051,-0.03191,-0.80821,1,0.023622047,0,0,0,false,false,false,-408.97,-3689.17,17.01,0.002128247,0.0043131392,-0.44101277,0.8974879,567.761,-735.8909,8.321,-0.00081,-0.00030999997,0.04181
105.65833,-207.29999,-4785.4297,748.38,0.8637643,-0.1919125,-0.41484255,0.21209995,467.021,137.491,-184.911,5.19401,1.5397099,-2.5789099,0,-0.5078125,0,0,0,false,false,false,307.00998,-5506.05,23.019999,-0.015043431,0.019057201,0.8267425,0.56205624,-80.541,242.86101,-1.451,-0.00030999997,-0.030609999,-0.77411,1,0.023622047,0,0,0,false,false,false,-404.24,-3695.2998,17.01,0.0021228523,0.0043131392,-0.44085634,0.8975647,571.36096,-739.8909,8.321,-0.00081,-0.00030999997,0.044209998
105.666664,-203.40999,-4784.28,746.79,0.86336166,-0.19079578,-0.4266841,0.19011608,466.901,137.451,-190.281,5.19401,1.5397099,-2.5789099,0,-0.484375,0,0,0,false,false,false,306.34,-5504.03,22.939999,-0.015086589,0.019035622,0.82492405,0.56472135,-78.101,239.36101,-1.331,-0.00021,-0.02931,-0.73961,1,0.023622047,0,0,0,false,false,false,-399.47998,-3701.47,17.01,0.002117457,0.004313139,-0.44068903,0.8976468,574.92096,-743.86096,8.321,-0.00071,-0.00040999998,0.04621
105.675,-199.51999,-4783.13,745.16,0.8624182,-0.18956037,-0.43826145,0.1680135,466.781,137.41101,-195.641,5.19401,1.5397099,-2.5789099,0,-0.484375,0,0,0,false,false,false,305.69,-5502.04,22.859999,-0.015129748,0.019014042,0.8231785,0.5672623,-75.620995,235.841,-1.201,-0.00010999999,-0.02821,-0.70950997,1,0.023622047,0,0,0,false,false,false,-394.69,-3707.67,17.01,0.0021174573,0.0043131392,-0.44051647,0.8977316,578.451,-747.79095,8.321,-0.00061,-0.00040999998,0.047809996
105.683334,-195.62999,-4781.98,743.48,0.86093605,-0.18820629,-0.44956356,0.14580846,466.661,137.371,-201.001,5.19401,1.5397099,-2.5789099,0,-0.4609375,0,0,0,false,false,false,305.06,-5500.08,22.779999,-0.015172906,0.018992463,0.82149625,0.56969535,-73.291,232.281,-1.061,0,-0.02701,-0.67841,1,0.031496063,0,0,0,false,false,false,-389.87,-3713.9,17.01,0.0021174576,0.0043131397,-0.44033846,0.897819,582.04095,-751.621,8.321,-0.00061,-0.00040999998,0.052209996
105.691666,-191.73999,-4780.84,741.76,0.858916,-0.18673348,-0.46058518,0.123511665,466.541,137.33101,-206.36101,5.19401,1.5397099,-2.5789099,0,-0.4609375,0,0,0,false,false,false,304.44998,-5498.15,22.699999,-0.01521067,0.018970884,0.81988245,0.5720151,-70.940994,228.701,-0.91099995,0,-0.02601,-0.65121,1,0.031496063,0,0,0,false,false,false,-385.02,-3720.16,17.01,0.0021174573,0.0043131392,-0.4401442,0.8979142,585.59094,-755.42096,8.321,-0.00061,-0.00040999998,0.055809997
105.7,-187.84999,-4779.6997,740,0.8563591,-0.18514204,-0.47132087,0.10113397,466.421,137.291,-211.72101,5.19401,1.5397099,-2.5789099,0,-0.4375,0,0,0,false,false,false,303.86,-5496.2397,22.619999,-0.015248434,0.018949306,0.8183271,0.57423776,-68.590996,225.101,-0.741,0,-0.02511,-0.62701,0.61417323,0.03937008,0,0,0,false,false,false,-380.13998,-3726.45,17.01,0.0021174573,0.0043131392,-0.43993384,0.8980173,589.11096,-759.191,8.321,-0.00061,-0.00040999998,0.058809996
105.708336,-183.95999,-4778.56,738.19,0.8532672,-0.18343727,-0.48175985,0.07869692,466.301,137.251,-217.08101,5.19401,1.5397099,-2.5789099,0,-0.4375,0,0,0,false,false,false,303.28998,-5494.36,22.55,-0.015286197,0.018927727,0.8168236,0.5763741,-66.410995,221.461,-0.561,0,-0.02401,-0.60121,0.61417323,0.03937008,0,0,0,false,false,false,-375.22998,-3732.78,17.01,0.0021174573,0.0043131392,-0.43971264,0.8981256,591.47095,-761.311,8.321,-0.00051,-0.00030999997,0.064109996
105.71667,-180.08,-4777.42,736.33997,0.84964246,-0.18161918,-0.49189666,0.05621133,466.181,137.211,-222.44101,5.19401,1.5397099,-2.5789099,0,-0.421875,0,0,0,false,false,false,302.74,-5492.51,22.48,-0.015318566,0.018906146,0.81537694,0.57841873,-64.221,217.801,-0.41099998,0,-0.02311,-0.57840997,0.22047244,0.047244094,0,0,0,false,false,false,-370.3,-3739.1199,17.01,0.0021174573,0.0043131392,-0.43947527,0.89824176,593.821,-763.42096,8.321,-0.00040999998,-0.00030999997,0.068509996
105.725,-176.2,-4776.28,734.44,0.845487,-0.17968784,-0.50172603,0.03368797,466.061,137.171,-227.801,5.19401,1.5397099,-2.5789099,0,-0.4140625,0,0,0,false,false,false,302.19998,-5490.69,22.41,-0.015350935,0.018889962,0.8139801,0.5803824,-62.150997,214.11101,-0.27099997,0,-0.02221,-0.55531,0.22047244,0.047244094,0,0,0,false,false,false,-365.35,-3745.48,17.01,0.0021174573,0.0043131392,-0.43921632,0.8983684,595.011,-763.8909,8.321,-0.00030999997,-0.00021,0.07491
105.73333,-172.31999,-4775.14,732.5,0.840803,-0.17764322,-0.5112425,0.011143036,465.941,137.131,-233.151,5.19401,1.5397099,-2.5789099,0,-0.3984375,0,0,0,false,false,false,301.68,-5488.9097,22.34,-0.015383301,0.018873775,0.8126341,0.58226514,-60.130997,210.391,-0.141,0,-0.02131,-0.53341,0.1023622,0.047244094,0,0,0,false,false,false,-360.38998,-3751.8499,17.01,0.0021174573,0.0043131392,-0.4389358,0.8985055,596.191,-764.371,8.321,-0.00021,-0.00010999999,0.08021
105.74167,-168.44,-4774,730.51,0.8355933,-0.1754853,-0.52044064,-0.011407338,465.82098,137.091,-238.501,5.19401,1.5397099,-2.5789099,0,-0.3984375,0,0,0,false,false,false,301.18,-5487.1597,22.269999,-0.015415672,0.018857595,0.8113359,0.5840725,-58.211,206.641,0,0,-0.02041,-0.51131,0.1023622,0.047244094,0,0,0,false,false,false,-355.41998,-3758.22,17.01,0.0021174573,0.0043131392,-0.43863368,0.89865303,597.001,-764.381,8.321,-0.00021,0,0.08451
105.75,-164.56,-4772.86,728.48,0.82986003,-0.1732195,-0.5293152,-0.033952277,465.701,137.05101,-243.851,5.19401,1.5397099,-2.5789099,0,-0.3828125,0,0,0,false,false,false,300.69,-5485.44,22.199999,-0.015442646,0.01884141,0.8100901,0.5857989,-56.391,202.871,0.141,0,-0.019510001,-0.48901,-0.0703125,0.05511811,0,0,0,false,false,false,-350.44,-3764.5898,17.01,0.0021174573,0.0043131392,-0.4383154,0.89880836,579.501,-741.02094,8.321,0.0012099999,0.00111,0.08671
105.75833,-160.68,-4771.7197,726.39996,0.8236103,-0.17084573,-0.53785515,-0.056475636,465.581,137.011,-249.201,5.19401,1.5397099,-2.5789099,0,-0.3828125,0,0,0,false,false,false,300.22,-5483.75,22.13,-0.015469621,0.018825227,0.8088937,0.5874498,-54.560997,199.091,0.29099998,0,-0.01871,-0.46921,-0.0703125,0.05511811,0,0,0,false,false,false,-345.61,-3770.76,17.01,0.0021174573,0.004318534,-0.4379917,0.8989661,562.001,-717.67096,8.321,0.0019099999,0.0017099999,0.08860999
105.76667,-156.8,-4770.58,724.27997,0.8168453,-0.16836412,-0.5460607,-0.07896122,465.461,136.97101,-254.551,5.19401,1.5397099,-2.5789099,0,-0.3671875,0,0,0,false,false,false,299.77,-5482.09,22.06,-0.015496594,0.018809041,0.80774325,0.5890304,-52.740997,195.291,0.45099998,0,-0.01801,-0.45151,1,0.03937008,0,0,0,false,false,false,-340.93,-3776.74,17.01,0.0021174573,0.004329324,-0.4376572,0.8991289,544.49097,-694.33093,8.321,0.00221,0.00201,0.09011
105.775,-152.92,-4769.44,722.11,0.8095683,-0.16578002,-0.5539263,-0.10139827,465.341,136.931,-259.901,5.19401,1.5397099,-2.5789099,0,-0.3671875,0,0,0,false,false,false,299.33,-5480.46,22,-0.015523568,0.018792856,0.8066315,0.59055173,-51.031,191.47101,0.631,0,-0.017310001,-0.43301,1,0.03937008,0,0,0,false,false,false,-336.38998,-3782.53,17.01,0.0021228523,0.004340113,-0.43731734,0.8992942,548.53094,-698.49097,8.321,0.00061,0.00071,0.090909995
105.78333,-149.04,-4768.3,719.89996,0.8017851,-0.16308802,-0.5614467,-0.123775974,465.221,136.891,-265.251,5.19401,1.5397099,-2.5789099,0,-0.3515625,0,0,0,false,false,false,298.9,-5478.86,21.939999,-0.0155451475,0.018776672,0.80556303,0.5920083,-49.321,187.641,0.78099996,0,-0.01661,-0.41641,1,0.023622047,0,0,0,false,false,false,-331.82,-3788.3499,17.01,0.0021228523,0.0043455083,-0.43697748,0.89945936,552.55096,-702.60095,8.321,-0.00030999997,0,0.09161
105.791664,-145.16,-4767.1597,717.63995,0.7935,-0.1602989,-0.5686164,-0.14607275,465.10098,136.851,-270.601,5.19401,1.5397099,-2.5789099,0,-0.3515625,0,0,0,false,false,false,298.49,-5477.3,21.88,-0.015566727,0.01876049,0.8045343,0.5934056,-47.711,183.791,0.92099994,0,-0.01591,-0.39901,1,0.023622047,0,0,0,false,false,false,-327.22,-3794.2,17.01,0.0021174573,0.0043455083,-0.43663222,0.89962703,556.381,-706.80096,8.321,-0.00081,-0.00030999997,0.086009994
105.8,-141.29,-4766.02,715.33997,0.78472006,-0.15740724,-0.57543,-0.1682778,464.981,136.811,-275.941,5.19401,1.5397099,-2.5789099,0,-0.3359375,0,0,0,false,false,false,298.09,-5475.77,21.82,-0.015588307,0.018749699,0.8035456,0.59474355,-46.190998,179.921,1.061,0,-0.015209999,-0.38091,1,0.023622047,0,0,0,false,false,false,-322.58,-3800.0898,17.01,0.0021120629,0.0043455088,-0.43630856,0.8997841,560.21094,-710.93097,8.321,-0.0010099999,-0.00051,0.08131
105.808334,-137.42,-4764.88,713,0.7754503,-0.15441854,-0.5818823,-0.1903804,464.861,136.77101,-281.281,5.19401,1.5397099,-2.5789099,0,-0.34375,0,0,0,false,false,false,297.71,-5474.27,21.76,-0.015609885,0.018738909,0.8026015,0.59601665,-44.670998,176.041,1.201,0,-0.014609999,-0.36471,1,0.023622047,0,0,0,false,false,false,-317.91,-3806.01,17.01,0.0021066677,0.004340113,-0.43600643,0.89993054,564.04095,-715.001,8.321,-0.00111,-0.00061,0.07741
105.816666,-133.55,-4763.7397,710.61,0.76569414,-0.15133272,-0.587973,-0.21236427,464.741,136.731,-286.621,5.19401,1.5397099,-2.5789099,0,-0.328125,0,0,0,false,false,false,297.34,-5472.8,21.699999,-0.015631462,0.018728117,0.8016945,0.5972358,-43.111,172.151,1.3510001,0,-0.014109999,-0.35121,1,0.031496063,0,0,0,false,false,false,-313.21,-3811.97,17.01,0.002101273,0.0043347185,-0.43571508,0.9000717,567.85095,-719.02094,8.321,-0.00111,-0.00061,0.074109994
105.825,-129.68,-4762.6,708.18,0.75546414,-0.14814974,-0.59369147,-0.23421326,464.621,136.69101,-291.961,5.19401,1.5397099,-2.5789099,0,-0.328125,0,0,0,false,false,false,296.97998,-5471.37,21.64,-0.015653044,0.01871733,0.8008169,0.598412,-41.661,168.241,1.511,0,-0.013509999,-0.33671,1,0.031496063,0,0,0,false,false,false,-308.47998,-3817.96,17.01,0.0020958781,0.004329324,-0.43543455,0.90020746,571.73096,-722.93097,8.321,-0.0010099999,-0.00061,0.07441
105.833336,-125.81,-4761.46,705.7,0.74475837,-0.1448751,-0.59904313,-0.2559166,464.501,136.651,-297.301,5.19401,1.5397099,-2.5789099,0,-0.3125,0,0,0,false,false,false,296.63,-5469.9697,21.58,-0.015669227,0.01870654,0.79997706,0.59953403,-40.291,164.321,1.681,0,-0.012909999,-0.32151002,1,0.047244094,0,0,0,false,false,false,-303.72,-3823.98,17.01,0.0020904834,0.004323929,-0.43515402,0.9003431,575.581,-726.80096,8.321,-0.00091,-0.00051,0.07471
105.84167,-121.939995,-4760.32,703.18,0.7335908,-0.14150874,-0.60401714,-0.2774581,464.38098,136.61101,-302.641,5.19401,1.5397099,-2.5789099,0,-0.3203125,0,0,0,false,false,false,296.29,-5468.6,21.529999,-0.015685411,0.01869575,0.79917127,0.60060763,-38.920998,160.391,1.871,0,-0.012409999,-0.30771,1,0.047244094,0,0,0,false,false,false,-298.91998,-3830.0398,17.01,0.0020850885,0.004318534,-0.4348735,0.9004787,579.571,-730.501,8.321,-0.00071,-0.00051,0.08101
105.85,-118.07,-4759.1797,700.61,0.72196424,-0.13805602,-0.60861355,-0.298827,464.261,136.571,-307.981,5.19401,1.5397099,-2.5789099,0,-0.3046875,0,0,0,false,false,false,295.97,-5467.26,21.48,-0.015701596,0.01868496,0.7983999,0.6016326,-37.600998,156.451,2.031,0,-0.011909999,-0.29421002,1,0.05511811,0,0,0,false,false,false,-294.09,-3836.13,17.01,0.0020796938,0.004318534,-0.4345714,0.9006246,583.59094,-734.11096,8.321,-0.00051,-0.00051,0.089209996
105.85833,-114.2,-4758.04,698,0.7098828,-0.13451704,-0.6128323,-0.32001242,464.141,136.531,-313.311,5.19401,1.5397099,-2.5789099,0,-0.3125,0,0,0,false,false,false,295.66,-5465.96,21.43,-0.01571778,0.01867417,0.797659,0.60261446,-36.291,152.501,2.181,0,-0.011409999,-0.28191,1,0.05511811,0,0,0,false,false,false,-289.22998,-3842.25,17.01,0.002079694,0.0043185344,-0.43423694,0.9007859,587.55096,-737.71094,8.321,-0.00040999998,-0.00051,0.09601
105.86667,-110.329994,-4756.9,695.33997,0.69736046,-0.13089173,-0.6166679,-0.34099284,464.021,136.491,-318.641,5.19401,1.5397099,-2.5789099,0,-0.3125,0,0,0,false,false,false,295.36,-5464.69,21.38,-0.015733965,0.01866338,0.7969489,0.6035532,-34.951,148.55101,2.3209999,0,-0.01101,-0.27151,1,0.07086614,0,0,0,false,false,false,-284.33,-3848.4,17.01,0.0020796938,0.004318534,-0.43387547,0.90096,591.47095,-741.29095,8.321,-0.00030999997,-0.00051,0.10161
105.875,-106.46,-4755.76,692.64,0.68440366,-0.12718552,-0.6201153,-0.36176288,463.901,136.451,-323.971,5.19401,1.5397099,-2.5789099,0,-0.296875,0,0,0,false,false,false,295.07,-5463.4497,21.33,-0.01575015,0.018652592,0.7962657,0.6044541,-33.701,144.58101,2.471,0,-0.010609999,-0.26001,1,0.07086614,0,0,0,false,false,false,-279.4,-3854.5798,17.01,0.0020796938,0.004318534,-0.4334924,0.9011444,595.53094,-744.691,8.321,-0.00030999997,-0.00051,0.112409994
105.88333,-102.6,-4754.62,689.89996,0.6710155,-0.123398334,-0.6231795,-0.38230637,463.781,136.41101,-329.301,5.19401,1.5397099,-2.5789099,1,-0.2890625,0,0,0,false,true,false,294.79,-5462.25,21.279999,-0.015766332,0.0186418,0.79560965,0.60531723,-32.461,140.61101,2.6309998,0,-0.010209999,-0.24940999,1,0.33858266,0,0,0,false,false,false,-274.44,-3860.7898,17.01,0.0020796938,0.004318534,-0.4330716,0.9013467,599.54095,-748.08093,8.321,-0.00030999997,-0.00051,0.121209994
105.89167,-98.74,-4753.48,687.11,0.6572108,-0.11953565,-0.6258499,-0.40261242,463.661,136.371,-334.631,5.19401,1.5397099,-2.5789099,1,-0.2890625,0,0,0,false,true,false,294.5,-5461.01,21.23,-0.015782518,0.018631013,0.7949809,0.6061427,-36.650997,160.61101,1.791,0.00111,-0.011109999,-0.27151,1,0.33858266,0,0,0,false,false,false,-269.44,-3867.02,17.01,0.0020796938,0.004318534,-0.43261844,0.9015643,606.21094,-748.941,8.321,0.00021,-0.0012099999,0.23071
105.9,-94.88,-4752.34,684.27997,0.6429942,-0.11559742,-0.628132,-0.422665,463.541,136.33101,-339.961,5.19401,1.5397099,-2.5789099,1,-0.28125,0,0,0,false,true,false,294.18,-5459.61,21.17,-0.015793309,0.01861483,0.7942934,0.6070437,-40.771,180.451,0.98099995,0.0018099999,-0.01201,-0.29371,1,0.11811024,0,0,0,false,false,false,-264.38998,-3873.26,17.01,0.002079694,0.0043185344,-0.4317499,0.9019806,612.391,-750.18097,8.321,0.00040999998,-0.0014099999,0.31851
105.90833,-91.02,-4751.1997,681.39996,-0.62837476,0.11158908,0.6300222,0.4424532,463.421,136.291,-345.291,5.19401,1.5397099,-2.5789099,1,-0.28125,0,0,0,false,false,false,293.82,-5458.04,21.109999,-0.015804097,0.018598644,0.79355043,0.60801476,-44.871,200.121,0.20099999,0.00221,-0.012809999,-0.31391,1,0.11811024,0,0,0,false,false,false,-259.29,-3879.51,17.01,0.002079694,0.0043185344,-0.43055227,0.9025529,616.21094,-753.55096,8.321,0,-0.00081,0.31071
105.916664,-87.159996,-4750.06,678.48,-0.61336094,0.107510604,0.6315194,0.4619662,463.301,136.251,-350.621,5.19401,1.5397099,-2.5789099,1,-0.265625,0,0,0,false,true,false,293.43,-5456.31,21.039999,-0.015814885,0.018577063,0.79275596,0.6090506,-49.021,219.621,-0.571,0.00241,-0.013409999,-0.33001,1,0.13385826,0,0,0,false,false,false,-254.15,-3885.7898,17.01,0.002074299,0.004318534,-0.42938155,0.9031104,620.391,-756.55096,8.321,-0.00021,-0.00051,0.31051
105.925,-83.299995,-4748.92,675.51,-0.5979642,0.10336742,0.6326231,0.48118803,463.181,136.211,-355.941,5.19401,1.5397099,-2.5789099,1,-0.2734375,0,0,0,false,true,false,293,-5454.4097,20.96,-0.015825676,0.018555485,0.79191786,0.6101403,-53.040997,238.97101,-1.331,0.00241,-0.014009999,-0.34641,1,0.15748031,0,0,0,false,false,false,-248.98,-3892.0898,17.01,0.0020689042,0.004318534,-0.42821088,0.9036661,624.701,-759.3909,8.321,-0.00030999997,-0.00030999997,0.31041
105.933334,-79.439995,-4747.78,672.5,-0.5821951,0.09915939,0.633327,0.500113,463.061,136.171,-361.261,5.19401,1.5397099,-2.5789099,1,-0.2578125,0,0,0,false,true,false,292.54,-5452.35,20.88,-0.015836466,0.018533906,0.7910356,0.611284,-56.841,258.191,-2.0609999,0.00221,-0.014709999,-0.36501,1,0.15748031,0,0,0,false,false,false,-243.76999,-3898.42,17.01,0.0020635095,0.004318534,-0.4270402,0.9042199,629.36096,-761.86096,8.321,-0.00030999997,-0.00021,0.31931
105.941666,-75.58,-4746.65,669.45,-0.56606454,0.0948867,0.63363355,0.518725,462.941,136.131,-366.581,5.19401,1.5397099,-2.5789099,1,-0.265625,0,0,0,false,true,false,292.05,-5450.13,20.789999,-0.015852652,0.01851233,0.79010475,0.6124871,-60.681,277.241,-2.8009999,0.0019099999,-0.015209999,-0.37861001,1,0.15748031,0,0,0,false,false,false,-238.53,-3904.77,17.01,0.0020581146,0.004318534,-0.42583713,0.9047871,634.071,-764.23096,8.321,-0.00030999997,-0.00010999999,0.32661
105.95,-71.72,-4745.52,666.35,-0.54957813,0.09055469,0.6335457,0.53701353,462.82098,136.091,-371.901,5.19401,1.5397099,-2.5789099,1,-0.25,0,0,0,false,true,false,291.53,-5447.75,20.699999,-0.015868835,0.018490747,0.7891373,0.61373323,-64.281,296.161,-3.531,0.0016099999,-0.01581,-0.39471,1,0.14173228,0,0,0,false,false,false,-233.25,-3911.14,17.01,0.00205272,0.004318534,-0.42460713,0.905365,638.83093,-766.501,8.321,-0.00030999997,0,0.33261
105.958336,-67.86,-4744.39,663.20996,-0.53274626,0.08616872,0.63306665,0.5549621,462.701,136.05101,-377.221,5.19401,1.5397099,-2.5789099,1,-0.25,0,0,0,false,false,false,290.97998,-5445.2197,20.6,-0.015885018,0.018469168,0.78812456,0.6150334,-67.910995,314.921,-4.271,0.00131,-0.016210001,-0.40551,1,0.14173228,0,0,0,false,false,false,-227.93,-3917.53,17.01,0.002047325,0.004318534,-0.42335013,0.90595347,643.48096,-768.811,8.321,-0.00040999998,0,0.33171
105.975,-60.16,-4742.13,656.79,-0.49810073,0.07723485,0.6309131,0.58981264,462.461,135.97101,-387.861,5.19401,1.5397099,-2.5789099,1,-0.234375,0,0,0,false,false,false,289.79,-5439.6797,20.38,-0.015922785,0.018431406,0.786025,0.61771464,-74.971,351.991,-5.711,0.00071,-0.01651,-0.41821,1,0.13385826,0,0,0,false,false,false,-217.17,-3930.3699,17.01,0.0020365354,0.004318534,-0.42085773,0.907114,652.821,-773.21094,8.321,-0.00040999998,0.00021,0.32541
105.98333,-56.309998,-4741,653.51,-0.48030326,0.07269243,0.6292493,0.60668755,462.341,135.931,-393.171,5.19401,1.5397099,-2.5789099,1,-0.21875,0,0,0,false,true,false,289.15,-5436.6797,20.26,-0.015944362,0.01841522,0.7849461,0.6190849,-78.401,370.311,-6.4309998,0.00040999998,-0.01651,-0.42021,0.97637796,0.12598425,0,0,0,false,false,false,-211.73,-3936.8098,17.01,0.0020311407,0.004323929,-0.41962773,0.9076837,657.571,-775.251,8.321,-0.00040999998,0.00030999997,0.32311
105.99167,-52.46,-4739.87,650.19,-0.46220905,0.06810686,0.6271879,0.623185,462.221,135.891,-398.481,5.19401,1.5397099,-2.5789099,1,-0.2265625,0,0,0,false,false,false,288.47998,-5433.53,20.14,-0.01596594,0.018399036,0.78385913,0.62046057,-81.620995,388.511,-7.141,0.00021,-0.01651,-0.42331,0.97637796,0.12598425,0,0,0,false,false,false,-206.25,-3943.27,17.01,0.0020257458,0.004329324,-0.41840312,0.9082488,662.21094,-777.191,8.321,-0.00040999998,0.00030999997,0.31831
106.00833,-44.76,-4737.61,643.41,-0.4251628,0.058811624,0.6218902,0.65500396,461.981,135.811,-409.101,5.19401,1.5397099,-2.5789099,0,-0.2109375,0,0,0,false,false,false,287.11,-5426.9697,19.88,-0.0160091,0.018366667,0.78166467,0.6232227,-84.001,408.621,-7.8609996,0,-0.01651,-0.42511,0.992126,0.12598425,0,0,0,false,false,false,-195.17,-3956.24,17.01,0.0020149562,0.004340113,-0.41600782,0.90934837,671.691,-780.91095,8.321,-0.00051,0.00030999997,0.31121
106.01667,-40.91,-4736.48,639.95996,-0.40623242,0.054107275,0.61865866,0.6703051,461.861,135.77101,-414.411,5.19401,1.5397099,-2.5789099,1,-0.1953125,0,0,0,false,true,false,286.38998,-5423.5,19.74,-0.016030677,0.01835048,0.78055716,0.6246091,-86.991,426.531,-8.601,0,-0.01631,-0.42181,0.77952754,0.12598425,0,0,0,false,false,false,-189.56999,-3962.75,17.01,0.0020095615,0.0043455083,-0.41482636,0.9098879,675.821,-781.941,8.321,-0.00051,0.00030999997,0.30831
106.025,-37.059998,-4735.35,636.45996,-0.38704842,0.04936525,0.61503875,0.68518883,461.741,135.731,-419.721,5.19401,1.5397099,-2.5789099,1,-0.1953125,0,0,0,false,true,false,285.65,-5419.88,19.6,-0.016052257,0.018334297,0.77945864,0.6259794,-89.770996,444.32098,-9.311,0,-0.016210001,-0.41991,0.77952754,0.12598425,0,0,0,false,false,false,-183.94,-3969.27,17.01,0.0020041666,0.004350903,-0.4136557,0.9104207,679.96094,-782.92096,8.321,-0.00051,0.00030999997,0.30591
106.03333,-33.21,-4734.2197,632.92,-0.3676271,0.04459625,0.6110358,0.6996403,461.621,135.69101,-425.031,5.19401,1.5397099,-2.5789099,1,-0.1796875,0,0,0,false,true,false,284.88998,-5416.11,19.449999,-0.016073836,0.018318115,0.7783605,0.6273443,-92.351,461.981,-10.031,-0.00010999999,-0.016210001,-0.41911,0.61417323,0.12598425,0,0,0,false,false,false,-178.26999,-3975.7898,17.01,0.001998772,0.0043562977,-0.4124958,0.91094685,684.11096,-783.85095,8.321,-0.00051,0.00021,0.30391002
106.041664,-29.359999,-4733.09,629.32996,-0.34797373,0.039800275,0.60664976,0.71365684,461.501,135.651,-430.331,5.19401,1.5397099,-2.5789099,1,-0.1875,0,0,0,false,false,false,284.11,-5412.19,19.3,-0.016095417,0.01830193,0.77726275,0.6287038,-94.951,479.491,-10.731,-0.00021,-0.01591,-0.41351,0.61417323,0.12598425,0,0,0,false,false,false,-172.56999,-3982.3198,17.01,0.001993377,0.0043562977,-0.41134128,0.91146874,687.78094,-784.201,8.321,-0.00051,0.00021,0.30211002
106.05,-25.519999,-4731.96,625.7,-0.32810467,0.034977328,0.60188615,0.7272254,461.381,135.61101,-435.631,5.19401,1.5397099,-2.5789099,1,-0.171875,0,0,0,false,true,false,283.3,-5408.13,19.14,-0.016116994,0.018291138,0.77617836,0.6300417,-97.520996,496.791,-10.521,0.039109997,-0.038909998,-0.40611,1,0.13385826,0,0,0,false,false,false,-166.84,-3988.8499,17.01,0.0019879823,0.0043562977,-0.4101922,0.9119865,692.67096,-785.701,8.321,-0.00051,0.00010999999,0.30401
106.058334,-21.68,-4730.83,622.02997,-0.30803058,0.03013272,0.596745,0.7403408,461.261,135.571,-440.931,5.19401,1.5397099,-2.5789099,1,-0.171875,0,0,0,false,true,false,282.47,-5403.92,18.98,-0.0161116,0.018091533,0.7751128,0.63135815,-99.940994,513.98096,-10.431,0.07271,-0.061809998,-0.40071002,1,0.13385826,0,0,0,false,false,false,-161.06999,-3995.4,17.01,0.0019825874,0.0043562977,-0.4090377,0.91250485,697.53094,-787.16095,8.321,-0.00051,0.00010999999,0.30561
106.066666,-17.84,-4729.6997,618.31,-0.28776222,0.025266614,0.5912315,0.7529938,461.141,135.531,-446.231,5.19401,1.5397099,-2.5789099,1,-0.15625,0,0,0,false,true,false,281.62,-5399.57,18.82,-0.01609002,0.017719291,0.7740611,0.63265824,-102.211,531.04095,-10.441,0.10111,-0.08351,-0.39701,1,0.1496063,0,0,0,false,false,false,-155.26,-4001.96,17.01,0.0019771925,0.004356297,-0.40787777,0.9130238,702.381,-788.58093,8.321,-0.00051,0.00010999999,0.30691
106.075,-14,-4728.57,614.55,-0.26731583,0.020384321,0.58535105,0.7651737,461.021,135.491,-451.531,5.19401,1.5397099,-2.5789099,0,-0.15625,0,0,0,false,false,false,280.77,-5395.1396,18.67,-0.016063048,0.017201392,0.77301323,0.63395303,-102.811,539.891,-8.961,0.16050999,-0.052109998,-0.38931,1,0.1496063,0,0,0,false,false,false,-149.41,-4008.53,17.01,0.0019717976,0.004356297,-0.4067125,0.9135435,707.36096,-789.811,8.321,-0.00040999998,0.00010999999,0.31391
106.083336,-10.16,-4727.44,610.74,-0.24670225,0.015491242,0.5791039,0.77687615,460.901,135.451,-456.831,5.19401,1.5397099,-2.5789099,1,-0.140625,0,0,0,false,false,false,279.91,-5390.6396,18.529999,-0.015777124,0.016570201,0.77199155,0.6352208,-103.40099,548.691,-7.661,0.20861,-0.02621,-0.37761,-1,0,0,0,0,false,false,false,-143.52,-4015.1099,17.01,0.0019664033,0.004356298,-0.4055149,0.9140759,688.42096,-767.61096,8.321,0.00071,0.0019099999,0.26401
106.09167,-6.3199997,-4726.31,606.89,-0.22593221,0.010587287,0.5724952,0.7880936,460.781,135.41101,-462.131,5.19401,1.5397099,-2.5789099,1,-0.1484375,0,0,0,false,false,false,279.05,-5386.07,18.4,-0.015280803,0.015852692,0.7710028,0.6364508,-103.791,557.451,-6.561,0.24660999,-0.00521,-0.36831,-1,0,0,0,0,false,false,false,-137.78,-4021.51,17.01,0.0019610086,0.004367088,-0.40451145,0.9145204,669.621,-745.28094,8.321,0.00131,0.00291,0.22241
106.1,-2.48,-4725.1797,602.99,-0.20502193,0.0056780227,0.5655252,0.7988209,460.661,135.371,-467.431,5.19401,1.5397099,-2.5789099,1,-0.1328125,0,0,0,false,false,false,278.19,-5381.42,18.279999,-0.014617242,0.015070448,0.7700412,0.63764846,-103.910995,566.17096,-5.671,0.27591002,0.01151,-0.36401,-1,0,0,0,0,false,false,false,-132.2,-4027.72,17.01,0.0019556135,0.0043832716,-0.40366444,0.91489446,650.881,-722.8909,8.321,0.0016099999,0.00331,0.18770999
106.10833,1.36,-4724.05,599.05,-0.18398216,0.0007633637,0.5582044,0.80904746,460.541,135.33101,-472.721,5.19401,1.5397099,-2.5789099,1,-0.1328125,0,0,0,false,false,false,277.32,-5376.6997,18.17,-0.013824208,0.014239648,0.7690919,0.6388299,-104.120995,574.80096,-5.021,0.29671,0.02581,-0.35481,-1,0,0,0,0,false,false,false,-126.78,-4033.74,17.01,0.0019502189,0.0043994565,-0.40294695,0.91521066,632.141,-700.49097,8.321,0.0018099999,0.00341,0.15861
106.11667,5.2,-4722.92,595.07,-0.16282906,-0.0041512954,0.55053294,0.8187691,460.421,135.291,-478.011,5.19401,1.5397099,-2.5789099,1,-0.1171875,0,0,0,false,false,false,276.44998,-5371.9097,18.06,-0.012928671,0.013376481,0.7681671,0.639979,-104.201,583.381,-4.651,0.30921,0.03701,-0.34741,1,-0.78125,0,0,0,false,false,false,-121.509995,-4039.5798,17.01,0.0019502189,0.004415641,-0.40234274,0.9154764,613.381,-678.121,8.321,0.0018099999,0.00321,0.13430999
106.125,9.04,-4721.79,591.04,-0.14157347,-0.009060602,0.5425163,0.8279799,460.301,135.251,-483.301,5.19401,1.5397099,-2.5789099,1,-0.125,0,0,0,false,false,false,275.58,-5367.05,17.949999,-0.011968398,0.012502524,0.7672567,0.6411065,-104.391,591.86096,-4.4909997,0.31571,0.045009997,-0.33551002,1,-0.78125,0,0,0,false,false,false,-116.399994,-4045.23,17.01,0.0019502189,0.004431825,-0.40183023,0.9157013,608.80096,-687.451,8.331,-0.0017099999,0.00371,-0.18991
106.14167,16.699999,-4719.53,582.85,-0.09881417,-0.018857596,0.5254795,0.8448381,460.061,135.171,-493.88098,5.19401,1.5397099,-2.5789099,1,-0.109375,0,0,0,false,false,false,273.84,-5357.12,17.74,-0.009934559,0.010759921,0.7655311,0.64323205,-104.631,608.621,-4.561,0.32041,0.05351,-0.31221,1,-0.7734375,0,0,0,false,false,false,-106.28,-4056.75,17.01,0.0019286396,0.004448009,-0.40420932,0.9146536,604.18097,-703.17096,8.331,-0.00391,0.00291,-0.64481
106.15,20.529999,-4718.4,578.69,-0.077332,-0.023739884,0.51646465,0.8524789,459.941,135.131,-499.171,5.19401,1.5397099,-2.5789099,1,-0.1015625,0,0,0,false,false,false,272.97,-5352.05,17.63,-0.008893362,0.009896752,0.7647113,0.64423543,-104.721,616.891,-4.771,0.32131,0.05501,-0.30061,1,-0.7734375,0,0,0,false,false,false,-101.25,-4062.6099,17.01,0.0019232446,0.0044480087,-0.40666395,0.9135648,602.29095,-710.79095,8.331,-0.00391,0.0023100001,-0.82401
106.15833,24.359999,-4717.27,574.49,-0.055801284,-0.028611427,0.5071262,0.8595874,459.82098,135.091,-504.461,5.19401,1.5397099,-2.5789099,1,-0.109375,0,0,0,false,false,false,272.1,-5346.9097,17.52,-0.007841378,0.009033587,0.763919,0.6452012,-104.730995,625.10095,-5.021,0.32191,0.055409998,-0.29101,1,-0.75,0,0,0,false,false,false,-96.229996,-4068.53,17.01,0.0019178501,0.004442615,-0.40979838,0.91216326,600.381,-718.451,8.331,-0.00361,0.0017099999,-0.97621
106.166664,28.189999,-4716.14,570.24,-0.0342382,-0.033461347,0.49746957,0.8661593,459.701,135.05101,-509.741,5.19401,1.5397099,-2.5789099,1,-0.09375,0,0,0,false,false,false,271.22998,-5341.6997,17.41,-0.0067893923,0.008165022,0.76314956,0.64613444,-104.561,633.261,-5.3009996,0.32261,0.055109996,-0.28621,1,-0.75,0,0,0,false,false,false,-91.229996,-4074.52,17.01,0.0019178501,0.0044372203,-0.41350466,0.91048914,598.561,-726.09094,8.331,-0.00301,0.0010099999,-1.09641
106.175,32.02,-4715.01,565.95,-0.012653537,-0.038289696,0.48750535,0.8721882,459.581,135.011,-515.02094,5.19401,1.5397099,-2.5789099,1,-0.1015625,0,0,0,false,false,false,270.36,-5336.42,17.3,-0.005737408,0.007296462,0.76238966,0.64705163,-104.571,641.321,-5.6109996,0.32341,0.054509997,-0.27621,1,-0.75,0,0,0,false,false,false,-86.24,-4080.5698,17.01,0.0019232449,0.0044264304,-0.41765866,0.90859115,596.40094,-733.951,8.331,-0.00241,0.00040999998,-1.19861
106.183334,35.85,-4713.88,561.61,0.008941874,-0.043096498,0.47723362,0.87767345,459.461,134.97101,-520.30096,5.19401,1.5397099,-2.5789099,1,-0.0859375,0,0,0,false,false,false,269.49,-5331.08,17.19,-0.0046853805,0.006422505,0.7616529,0.64793634,-104.410995,649.33093,-5.9509997,0.32441,0.053609997,-0.27101,1,-0.8125,0,0,0,false,false,false,-81.27,-4086.69,17.01,0.0019340345,0.004415641,-0.42219028,0.9064944,593.84094,-742.04095,8.331,-0.0018099999,0,-1.28491
106.191666,39.68,-4712.76,557.23,0.030531934,-0.047876287,0.46666512,0.8826093,459.341,134.931,-525.581,5.19401,1.5397099,-2.5789099,1,-0.09375,0,0,0,false,false,false,268.62,-5325.67,17.07,-0.0036333953,0.005543153,0.7609305,0.6487995,-104.611,657.131,-4.621,0.29251,-0.01921,-0.26131,1,-0.8125,0,0,0,false,false,false,-76.32,-4092.8699,17.01,0.0019502188,0.004399456,-0.4270348,0.9042223,590.05096,-750.77094,8.331,-0.0014099999,-0.00021,-1.38081
106.2,43.51,-4711.64,552.81,0.052100413,-0.05262375,0.4558054,0.8869936,459.221,134.891,-530.86096,5.19401,1.5397099,-2.5789099,1,-0.078125,0,0,0,false,false,false,267.75,-5320.19,16.96,-0.0028997029,0.0045666946,0.7602309,0.6496303,-104.991,664.85095,-3.4109998,0.26821,-0.08411,-0.25011,1,-0.7265625,0,0,0,false,false,false,-71.4,-4099.13,17.01,0.0019717978,0.0043832716,-0.43223003,0.9017505,586.951,-759.1409,8.331,-0.00081,-0.00071,-1.42921
106.208336,47.34,-4710.52,548.33997,0.07363652,-0.0573388,0.44465968,0.8908241,459.10098,134.851,-536.141,5.19401,1.5397099,-2.5789099,1,-0.0859375,0,0,0,false,false,false,266.88,-5314.65,16.859999,-0.0024357506,0.0034931307,0.7595553,0.6504288,-105.181,672.441,-0.43099996,0.18620999,-0.074109994,-0.24021,1,-0.7265625,0,0,0,false,false,false,-66.51,-4105.46,17.01,0.001998772,0.0043670875,-0.43759248,0.8991605,583.23096,-767.821,8.331,-0.00030999997,-0.0010099999,-1.4714099
106.21667,51.16,-4709.4,543.83,0.095129475,-0.062021527,0.4332389,0.894096,458.981,134.811,-541.42096,5.19401,1.5397099,-2.5789099,1,-0.0703125,0,0,0,false,false,false,266,-5309.05,16.789999,-0.0021606158,0.0027054902,0.75890726,0.6511894,-105.111,680.03094,2.271,0.119909994,-0.06461,-0.23511,1,-0.625,0,0,0,false,true,false,-61.649998,-4111.86,17.01,0.0020257458,0.004350903,-0.44309518,0.89646167,578.951,-776.74097,8.331,0,-0.0012099999,-1.50711
106.225,54.98,-4708.28,539.26996,0.11655769,-0.06666645,0.42154288,0.8968118,458.861,134.77101,-546.701,5.19401,1.5397099,-2.5789099,1,-0.078125,0,0,0,false,false,false,265.12,-5303.38,16.74,-0.0020365354,0.002155221,0.75826985,0.65193397,-105.160995,687.53094,4.641,0.06731,-0.055309996,-0.22460999,1,-0.625,0,0,0,false,true,false,-56.78,-4118.39,17.01,0.00205272,0.0043347185,-0.44871655,0.8936612,580.35095,-791.751,8.281,0.00040999998,-0.0017099999,-1.4987099
106.23333,58.8,-4707.1597,534.67,0.13791576,-0.07126821,0.4095826,0.8989672,458.741,134.731,-551.97095,5.19401,1.5397099,-2.5789099,1,-0.0625,0,0,0,false,false,false,264.24,-5297.65,16.71,-0.0020257458,0.0017937698,0.757658,0.65264606,-105.211,694.97095,6.6509995,0.02661,-0.04621,-0.21291,1,0,1,0,0,true,false,false,-51.89,-4125.06,19.539999,0.0020850885,0.004318534,-0.4542894,0.8908412,589.73096,-804.74097,303.881,0.0014099999,-0.00361,-1.27261
106.24167,62.62,-4706.04,530.02997,0.15918754,-0.07582685,0.3973687,0.9005596,458.621,134.69101,-557.24097,5.19401,1.5397099,-2.5789099,1,-0.0703125,0,0,0,false,false,false,263.36,-5291.86,16.699999,-0.0020958781,0.0015833727,0.75707686,0.65332043,-105.160995,702.36096,8.311,-0.00391,-0.037509996,-0.20321,1,0,1,0,0,true,false,false,-46.93,-4131.82,22.109999,0.0021174573,0.004296955,-0.45900452,0.88842094,595.881,-816.451,307.821,0.00211,-0.00511,-1.09541
106.25,66.439995,-4704.92,525.33997,0.1803622,-0.0803369,0.38490665,0.9015887,458.501,134.651,-562.511,5.19401,1.5397099,-2.5789099,1,-0.0546875,0,0,0,false,false,false,262.47998,-5286.01,16.699999,-0.0022253531,0.0014970558,0.7565222,0.6539623,-104.931,709.71094,9.551001,-0.02471,-0.02671,-0.19821,1,0,1,0,0,true,false,false,-41.92,-4138.6797,24.71,0.0021552213,0.0042699813,-0.46305603,0.88631606,601.121,-828.6409,311.761,0.00261,-0.00631,-0.95331
106.25833,70.26,-4703.8,520.61,0.20142357,-0.084793046,0.3722019,0.9020556,458.381,134.61101,-567.78094,5.19401,1.5397099,-2.5789099,1,-0.0625,0,0,0,false,false,false,261.61,-5280.09,16.71,-0.0023764076,0.0015024507,0.75598025,0.6545882,-104.881,716.97095,10.371,-0.03571,-0.01711,-0.18790999,1,0,1,0,0,true,false,false,-36.87,-4145.64,27.34,0.0021929846,0.004243007,-0.46657342,0.8844695,605.751,-841.09094,315.701,0.00291,-0.00731,-0.83931
106.26667,74.08,-4702.6797,515.83,0.22235546,-0.08920059,0.3592651,0.9019589,458.261,134.571,-573.05096,5.19401,1.5397099,-2.5789099,1,-0.046875,0,0,0,false,false,false,260.74,-5274.11,16.73,-0.0025274619,0.0015725831,0.75546545,0.65518165,-104.891,724.16095,10.861,-0.039909996,-0.0094099995,-0.17621,1,0,1,0,0,true,false,false,-31.779999,-4152.71,30,0.0022307483,0.0042160335,-0.46966466,0.882832,609.98096,-853.65094,319.641,0.00311,-0.00811,-0.74771
106.275,77.9,-4701.56,511.00998,0.24315248,-0.0935488,0.34610718,0.9012964,458.141,134.531,-578.321,5.19401,1.5397099,-2.5789099,1,-0.0625,0,0,0,false,false,false,259.87,-5268.07,16.75,-0.0026623318,0.0016750842,0.7549825,0.6557373,-104.851,731.29095,11.091001,-0.040609997,-0.00401,-0.16651,0,0,1,0,0,true,false,false,-26.66,-4159.88,32.7,0.0022739067,0.004183665,-0.47241065,0.88136566,614.66095,-860.59094,323.581,0.00311,-0.00811,-0.74771
106.28333,81.72,-4700.44,506.15,0.26379305,-0.0978377,0.3327334,0.90007186,458.021,134.491,-583.59094,5.19401,1.5397099,-2.5789099,1,-0.046875,0,0,0,false,false,false,259,-5261.98,16.77,-0.0027864121,0.0017937698,0.7545269,0.6562606,-104.550995,738.3909,11.151,-0.03921,-0.00030999997,-0.16461,0,0,1,0,0,true,false,false,-21.5,-4167.11,35.45,0.0021066677,0.00377366,-0.47511342,0.87991387,619.60095,-868.03094,330.231,-0.08361,-0.06511,-0.73570997
106.291664,85.54,-4699.32,501.24,0.28427175,-0.10206722,0.3191492,0.8982847,457.901,134.451,-588.85095,5.19401,1.5397099,-2.5789099,1,-0.0546875,0,0,0,false,false,false,258.13,-5255.83,16.8,-0.0028943082,0.00191785,0.75407547,0.65677845,-104.491,745.40094,11.111,-0.036709998,0.00211,-0.15671,0,0,1,0,0,true,false,false,-16.3,-4174.4097,38.26,0.001734427,0.0029806248,-0.47776765,0.8784794,624.49097,-875.49097,336.891,-0.17071,-0.12160999,-0.72391
106.3,89.35,-4698.1997,496.28998,0.3045725,-0.10623205,0.3053655,0.8959364,457.781,134.41101,-594.11096,5.19401,1.5397099,-2.5789099,1,-0.0390625,0,0,0,false,false,false,257.25998,-5249.62,16.82,-0.0029860197,0.0020419303,0.7536469,0.6572694,-104.311,752.36096,10.951,-0.03371,0.00361,-0.15331,0,0,1,0,0,true,false,false,-11.059999,-4181.77,41.12,0.0011517889,0.0018099538,-0.48037332,0.8770613,629.321,-882.96094,343.561,-0.25811002,-0.17761,-0.71231
106.308334,93.159996,-4697.08,491.3,0.32468435,-0.110332094,0.29139292,0.8930268,457.661,134.371,-599.371,5.19401,1.5397099,-2.5789099,1,-0.0546875,0,0,0,false,false,false,256.38998,-5243.35,16.84,-0.0030669416,0.0021606158,0.7532273,0.65774953,-104.361,759.23096,10.771,-0.030509999,0.00451,-0.14421,0,0,1,0,0,true,false,false,-5.7799997,-4189.19,44.04,0.00035875392,0.0002616476,-0.4829359,0.87565553,634.09094,-890.43097,350.251,-0.34591,-0.23311,-0.70091
106.316666,96.97,-4695.96,486.25998,0.34459126,-0.11436201,0.27723697,0.8895604,457.541,134.33101,-604.631,5.19401,1.5397099,-2.5789099,1,-0.0390625,0,0,0,false,false,false,255.51999,-5237.02,16.859999,-0.0031370742,0.002268512,0.75283074,0.65820277,-104.160995,766.071,10.571,-0.02731,0.00491,-0.14281,0,0,1,0,0,true,false,false,-0.45999998,-4196.67,47.01,-0.0006446781,-0.0016642944,-0.48544982,0.8742625,638.79095,-897.90094,356.981,-0.43401,-0.28801,-0.68971
106.325,100.78,-4694.84,481.18,0.36428225,-0.11832183,0.2629083,0.8855379,457.421,134.291,-609.891,5.19401,1.5397099,-2.5789099,1,-0.046875,0,0,0,false,false,false,254.65,-5230.6396,16.88,-0.0031964167,0.002371013,0.7524384,0.65865046,-104.201,772.83093,10.361,-0.02431,0.00501,-0.13541,0,0,1,0,0,true,false,false,4.87,-4204.1597,50.039997,-0.0018585073,-0.0039678724,-0.4879153,0.8728799,639.05096,-898.33093,363.711,-0.52241,-0.34241,-0.67871
106.34167,108.399994,-4692.6,470.87997,0.4029685,-0.1260148,0.23376554,0.87583685,457.181,134.211,-620.41095,5.19401,1.5397099,-2.5789099,1,-0.03125,0,0,0,false,false,false,252.90999,-5217.6997,16.92,-0.0032881282,0.0025436464,0.7517188,0.6594705,-104.431,786.15094,9.931,-0.01901,0.00481,-0.11831,0,0,1,0,0,true,false,false,15.509999,-4219.12,56.27,-0.004928146,-0.009702583,-0.4927005,0.87013084,638.871,-898.09094,377.171,-0.70021,-0.44971,-0.65731
106.35,112.21,-4691.48,465.66998,0.42194209,-0.12974265,0.21897292,0.8701623,457.061,134.171,-625.67096,5.19401,1.5397099,-2.5789099,1,-0.03125,0,0,0,false,false,false,252.04,-5211.15,16.94,-0.003325892,0.0026191734,0.7513917,0.6598427,-104.510994,792.73096,9.711,-0.01671,0.00451,-0.11181,0,0,1,0,0,true,false,false,20.83,-4226.6,59.469997,-0.006783998,-0.013133673,-0.4950203,0.8687556,638.72095,-897.871,383.901,-0.78960997,-0.50251,-0.64691
106.35833,116.02,-4690.36,460.41,0.44065133,-0.13338953,0.20404004,0.8639451,456.941,134.131,-630.92096,5.19401,1.5397099,-2.5789099,1,-0.046875,0,0,0,false,false,false,251.17,-5204.54,16.949999,-0.0033582605,0.002683911,0.75108325,0.6601934,-104.58099,799.251,9.491,-0.014609999,0.00411,-0.106309995,0,0,1,0,0,true,false,false,26.15,-4234.08,62.73,-0.008855601,-0.016937047,-0.49728614,0.867376,638.52094,-897.561,390.631,-0.87931,-0.55481,-0.63671
106.36667,119.829994,-4689.2397,455.11,0.45908543,-0.1369555,0.18898316,0.8571867,456.82098,134.091,-636.17096,5.19401,1.5397099,-2.5789099,1,-0.03125,0,0,0,false,false,false,250.29999,-5197.88,16.96,-0.0033852346,0.0027432537,0.75078875,0.6605279,-104.421,805.74097,9.311,-0.012809999,0.00371,-0.10790999,0,0,1,0,0,true,false,false,31.47,-4241.56,66.04,-0.0111483885,-0.021112619,-0.49949798,0.86598593,638.27094,-897.16095,397.351,-0.96931,-0.60661,-0.62671
106.375,123.64,-4688.12,449.75998,0.47723362,-0.14043517,0.17380752,0.84989226,456.701,134.05101,-641.42096,5.19401,1.5397099,-2.5789099,1,-0.0390625,0,0,0,false,false,false,249.43,-5191.1597,16.97,-0.0034068134,0.0027972015,0.7504893,0.6608677,-104.520996,812.1409,9.151,-0.011209999,0.00331,-0.10301,0,0,1,0,0,true,false,false,36.79,-4249.03,69.409996,-0.013656968,-0.025660433,-0.5016505,0.86458176,637.96094,-896.67096,404.07098,-1.05961,-0.65781,-0.61691
106.38333,127.439995,-4687,444.37,0.4950796,-0.14382851,0.15852398,0.8420686,456.581,134.011,-646.67096,5.19401,1.5397099,-2.5789099,1,-0.0234375,0,0,0,false,false,false,248.56,-5184.3896,16.98,-0.003428393,0.0028403602,0.75020397,0.6611914,-104.491,818.501,9.011001,-0.00981,0.00291,-0.10201,0,0,1,0,0,true,false,false,42.1,-4256.5,72.83,-0.016386734,-0.030580528,-0.5037437,0.8631561,637.58093,-896.071,410.781,-1.15021,-0.70851,-0.60731
106.39167,131.23999,-4685.88,438.94,0.5126182,-0.14713013,0.14313795,0.83371866,456.461,133.97101,-651.92096,5.19401,1.5397099,-2.5789099,1,-0.0390625,0,0,0,false,false,false,247.68999,-5177.57,16.99,-0.0034445769,0.0028781234,0.74992305,0.66150963,-104.701,824.78094,8.8810005,-0.008609999,0.00261,-0.094909996,0,0,1,0,0,true,false,false,47.41,-4263.96,76.31,-0.019332336,-0.03587282,-0.50577754,0.86170083,637.141,-895.35095,417.481,-1.24111,-0.75870997,-0.59791
106.4,135.04,-4684.76,433.46,0.52983844,-0.15034007,0.12766565,0.8248457,456.341,133.931,-657.17096,5.19401,1.5397099,-2.5789099,1,-0.0234375,0,0,0,false,false,false,246.81999,-5170.6997,17,-0.0034607616,0.0029158874,0.74966097,0.66180646,-104.881,831.011,8.751,-0.00751,0.0023100001,-0.08900999,0,0,1,0,0,true,false,false,52.719997,-4271.4097,79.84,-0.02249908,-0.0415374,-0.50774664,0.8602102,636.621,-894.501,424.171,-1.33231,-0.80831,-0.58871
106.40833,138.84,-4683.64,427.94,0.5467242,-0.15345825,0.11211238,0.8154593,456.221,133.891,-662.42096,5.19401,1.5397099,-2.5789099,1,-0.0390625,0,0,0,false,false,false,245.95,-5163.77,17.01,-0.0034715515,0.0029482562,0.7494131,0.662087,-105.041,837.191,8.6310005,-0.0065099997,0.00211,-0.08401,0,0,1,0,0,true,false,false,58.02,-4278.86,83.43,-0.025887014,-0.047568783,-0.5096456,0.8586782,636.03094,-893.511,430.85098,-1.42381,-0.85741,-0.57971
106.416664,142.64,-4682.52,422.38,0.56327003,-0.15647934,0.09648896,0.80556244,456.10098,133.851,-667.66095,5.19401,1.5397099,-2.5789099,1,-0.0234375,0,0,0,false,false,false,245.06999,-5156.79,17.01,-0.0034823408,0.00297523,0.74917924,0.6623513,-104.971,843.34094,8.511001,-0.0057099997,0.0018099999,-0.086009994,0,0,1,0,0,true,false,false,63.309998,-4286.3,87.08,-0.029496174,-0.053967055,-0.51146907,0.85709786,635.35095,-892.381,437.511,-1.51561,-0.90601,-0.57091
106.425,146.44,-4681.4,416.77,0.5794653,-0.15940332,0.08080629,0.79516083,455.981,133.811,-672.90094,5.19401,1.5397099,-2.5789099,1,-0.0390625,0,0,0,false,false,false,244.2,-5149.76,17.01,-0.0034931307,0.0029968095,0.74894065,0.6626211,-105.15099,849.41095,8.441,-0.00501,0.0016099999,-0.08151,0,0,1,0,0,true,false,false,68.6,-4293.73,90.78,-0.033331875,-0.06073213,-0.513217,0.8554582,634.59094,-891.09094,444.151,-1.60771,-0.95410997,-0.56241
106.441666,154.04,-4679.1597,405.43,0.6107607,-0.16494922,0.049295116,0.77287316,455.741,133.731,-683.381,5.19401,1.5397099,-2.5789099,1,-0.015625,0,0,0,false,false,false,242.43999,-5135.55,17.01,-0.00350392,0.0030345728,0.7485106,0.66310656,-105.681,861.36096,8.361,-0.00391,0.0012099999,-0.06880999,0,0,1,0,0,true,false,false,79.18,-4308.59,98.049995,-0.041666877,-0.075346716,-0.51646465,0.8519688,634.59094,-891.09094,433.311,-1.7926099,-1.04871,-0.54601
106.45,157.84,-4678.05,399.69,0.6258391,-0.16757107,0.03348836,0.7610017,455.621,133.69101,-688.621,5.19401,1.5397099,-2.5789099,1,-0.015625,0,0,0,false,false,false,241.56,-5128.37,17.01,-0.003509315,0.003050757,0.7483192,0.6633224,-105.921,867.261,8.341001,-0.00341,0.0010099999,-0.064009994,0,0,1,0,0,true,false,false,84.47,-4316.02,101.619995,-0.04617153,-0.083196186,-0.51794827,0.85010356,634.59094,-891.09094,427.891,-1.88551,-1.09521,-0.53821
106.458336,161.64,-4676.94,393.91,0.64052385,-0.17008506,0.01765995,0.74865764,455.501,133.651,-693.86096,5.19401,1.5397099,-2.5789099,1,-0.0390625,0,0,0,false,false,false,240.68,-5121.1396,17.01,-0.0035147096,0.0030669416,0.7481421,0.663522,-106.15099,873.121,8.331,-0.00301,0.00091,-0.059909996,0,0,1,0,0,true,false,false,89.759995,-4323.4497,105.14,-0.050897412,-0.09140166,-0.5193347,0.84814286,634.59094,-891.09094,422.471,-1.9786099,-1.14121,-0.53071
106.46667,165.43,-4675.83,388.08,0.65480936,-0.1724912,0.0018207437,0.7358451,455.381,133.61101,-699.10095,5.19401,1.5397099,-2.5789099,1,-0.015625,0,0,0,false,false,false,239.79999,-5113.86,17.01,-0.0035201046,0.0030777312,0.7479746,0.6637108,-106.370995,878.92096,8.321,-0.00261,0.00081,-0.056509998,0,0,1,0,0,true,false,false,95.049995,-4330.88,108.619995,-0.05584984,-0.099963255,-0.5206187,0.8460758,634.59094,-891.09094,417.051,-2.07201,-1.18671,-0.52341
106.475,169.22,-4674.7197,382.21,0.6686848,-0.17478937,-0.01401842,0.72257364,455.261,133.571,-704.34094,5.19401,1.5397099,-2.5789099,1,-0.03125,0,0,0,false,false,false,238.90999,-5106.54,17.01,-0.0035254993,0.0030885208,0.7478165,0.6638888,-106.590996,884.67096,8.321,-0.0023100001,0.00071,-0.053609997,0,0,1,0,0,true,false,false,100.34,-4338.31,112.049995,-0.06102349,-0.1088755,-0.52179474,0.8438912,634.59094,-891.09094,411.631,-2.16561,-1.23171,-0.51641
106.48333,173.01,-4673.61,376.3,0.68214494,-0.17697968,-0.029846838,0.70884806,455.141,133.531,-709.571,5.19401,1.5397099,-2.5789099,1,-0.015625,0,0,0,false,false,false,238.01999,-5099.17,17.01,-0.0035308942,0.0030993104,0.7476679,0.66405606,-106.590996,890.40094,8.321,-0.00201,0.00051,-0.057309996,0,0,1,0,0,true,false,false,105.63,-4345.7397,115.439995,-0.06642368,-0.11813841,-0.5228522,0.84157985,634.59094,-891.09094,406.211,-2.25951,-1.27621,-0.50971
106.49167,176.8,-4672.5,370.34,0.69517493,-0.17906205,-0.045659024,0.6946824,455.021,133.491,-714.80096,5.19401,1.5397099,-2.5789099,1,-0.03125,0,0,0,false,false,false,237.12999,-5091.75,17.01,-0.0035362889,0.0031101,0.74750966,0.6642341,-106.851,896.05096,8.321,-0.0017099999,0.00051,-0.054209996,0,0,1,0,0,true,false,false,110.92,-4353.17,118.78,-0.072045095,-0.12774658,-0.52379084,0.8391265,634.59094,-891.09094,400.791,-2.35361,-1.32031,-0.50331
106.5,180.59,-4671.39,364.34,0.70777476,-0.18103115,-0.061444283,0.6800787,454.901,133.451,-720.03094,5.19401,1.5397099,-2.5789099,1,-0.015625,0,0,0,false,false,false,236.23999,-5084.28,17.01,-0.0035362889,0.0031154947,0.747361,0.66440135,-106.881,901.68097,8.321,-0.00151,0.00040999998,-0.057809997,0,0,1,0,0,true,false,false,116.21,-4360.6,122.07,-0.07788767,-0.13769999,-0.52460015,0.8365207,634.59094,-891.09094,395.371,-2.44791,-1.36391,-0.49721
106.50833,184.37999,-4670.28,358.3,0.7199332,-0.18288702,-0.07719174,0.6650488,454.781,133.41101,-725.261,5.19401,1.5397099,-2.5789099,1,-0.03125,0,0,0,false,false,false,235.34999,-5076.77,17.01,-0.003536289,0.00312089,0.74720275,0.6645794,-106.940994,907.261,8.321,-0.00131,0.00030999997,-0.060709998,0,0,1,0,0,true,false,false,121.5,-4368.03,125.32,-0.08395146,-0.14799328,-0.52526903,0.83375204,634.59094,-891.09094,389.951,-2.54251,-1.40701,-0.49141
106.51667,188.17,-4669.17,352.21,0.73164105,-0.18462951,-0.092890635,0.6496033,454.661,133.371,-730.49097,5.19401,1.5397099,-2.5789099,1,-0.015625,0,0,0,false,false,false,234.45999,-5069.21,17.01,-0.0035362889,0.0031262843,0.74703467,0.66476816,-107.010994,912.79095,8.321,-0.0012099999,0.00021,-0.063109994,0,0,1,0,0,true,false,false,126.79,-4375.46,128.52,-0.09023101,-0.15862109,-0.5257978,0.83080345,634.59094,-891.09094,384.531,-2.63731,-1.44961,-0.48591
106.525,191.95999,-4668.06,346.08,0.7428912,-0.18625335,-0.10853023,0.6337534,454.541,133.33101,-735.72095,5.19401,1.5397099,-2.5789099,1,-0.03125,0,0,0,false,false,false,233.56999,-5061.6,17.01,-0.003536289,0.0031316795,0.7468618,0.6649625,-107.311,918.24097,8.321,-0.00111,0.00021,-0.05901,0,0,1,0,0,true,false,false,132.08,-4382.89,131.68,-0.09673178,-0.16957797,-0.52617,0.8276662,634.59094,-891.09094,379.111,-2.73231,-1.49181,-0.48071
106.53333,195.75,-4666.9497,339.91,0.7536748,-0.1877639,-0.12409966,0.6175096,454.421,133.291,-740.951,5.19401,1.5397099,-2.5789099,1,-0.0078125,0,0,0,false,false,false,232.68,-5053.9497,17.01,-0.0035362889,0.003137074,0.74669844,0.6651458,-107.361,923.67096,8.321,-0.0010099999,0.00010999999,-0.06161,0,0,1,0,0,true,false,false,137.37,-4390.32,134.79,-0.103448294,-0.18085852,-0.52638036,0.82432526,634.59094,-891.09094,373.691,-2.8275099,-1.53351,-0.47581
106.541664,199.54,-4665.84,333.69,0.76398957,-0.18915577,-0.1395936,0.6008774,454.301,133.251,-746.17096,5.19401,1.5397099,-2.5789099,1,-0.03125,0,0,0,false,false,false,231.79,-5046.25,17.01,-0.0035362889,0.0031424686,0.74652535,0.66534,-107.751,929.02094,8.321,-0.00091,0.00010999999,-0.05461,0,0,1,0,0,true,false,false,142.66,-4397.75,137.86,-0.11038065,-0.19245736,-0.5264235,0.82076454,634.59094,-891.09094,368.271,-2.92291,-1.57481,-0.47131
106.55,203.31999,-4664.73,327.43,0.77382416,-0.19042893,-0.15500118,0.58387285,454.181,133.211,-751.3909,5.19401,1.5397099,-2.5789099,1,-0.0078125,0,0,0,false,false,false,230.89,-5038.51,17.01,-0.003536289,0.0031478638,0.7463763,0.6655073,-108.101,934.33093,8.321,-0.00081,0.00010999999,-0.048809998,0,0,1,0,0,true,false,false,147.95,-4405.1797,140.87999,-0.1175234,-0.20436913,-0.5262886,0.816971,634.59094,-891.09094,362.851,-3.0185099,-1.61571,-0.46711
106.558334,207.09999,-4663.62,321.12,0.78317654,-0.19158341,-0.17031164,0.5665016,454.061,133.171,-756.61096,5.19401,1.5397099,-2.5789099,1,-0.0390625,0,0,0,false,false,false,229.98999,-5030.7197,17.01,-0.0035362889,0.0031532582,0.7462415,0.6656583,-108.421,939.60095,8.321,-0.00071,0.00010999999,-0.04401,0,0,1,0,0,true,false,false,153.23999,-4412.61,143.86,-0.12487651,-0.21658842,-0.525965,0.8129305,634.59094,-891.09094,357.431,-3.11431,-1.6561099,-0.46331
106.566666,210.87999,-4662.51,314.77,0.792041,-0.19261922,-0.18551427,0.54877424,453.941,133.131,-761.83093,5.19401,1.5397099,-2.5789099,1,-0.0078125,0,0,0,false,false,false,229.09,-5022.8896,17.01,-0.0035362889,0.0031586532,0.74612117,0.6657932,-108.291,944.871,8.321,-0.00061,0,-0.052109998,0,0,1,0,0,true,false,false,158.53,-4420.04,146.79,-0.13243465,-0.22910438,-0.5254471,0.8086269,634.59094,-891.09094,352.011,-3.21031,-1.69611,-0.45991
106.575,214.65999,-4661.4,308.38,0.8004073,-0.19353637,-0.20060356,0.530707,453.82098,133.091,-767.05096,5.19401,1.5397099,-2.5789099,1,-0.0390625,0,0,0,false,false,false,228.19,-5015.02,17.01,-0.0035362884,0.0031640476,0.7459767,0.66595495,-108.641,950.04095,8.321,-0.00051,0,-0.046709996,0,0,1,0,0,true,false,false,163.81999,-4427.4697,149.68,-0.14019242,-0.24191168,-0.5247241,0.80404556,634.59094,-891.09094,346.591,-3.3064098,-1.73571,-0.45691
106.583336,218.44,-4660.29,301.94,0.80827695,-0.19432941,-0.21556342,0.51230526,453.701,133.05101,-772.27094,5.19401,1.5397099,-2.5789099,1,-0.0078125,0,0,0,false,false,false,227.28,-5007.1,17.01,-0.0035362889,0.0031640478,0.7458466,0.6661007,-108.531,955.22095,8.321,-0.00040999998,-0.00010999999,-0.054209996,1,0,-1,0,0,false,false,false,169.11,-4434.9,152.51999,-0.14814974,-0.2549995,-0.5237855,0.7991718,634.59094,-891.09094,341.171,-3.40271,-1.77491,-0.45431
106.59167,222.22,-4659.1797,295.46,0.81563973,-0.19500376,-0.23038836,0.49358526,453.581,133.011,-777.49097,5.19401,1.5397099,-2.5789099,1,-0.0390625,0,0,0,false,false,false,226.37999,-4999.1396,17.01,-0.0035362889,0.0031640478,0.7456972,0.66626793,-108.891,960.30096,8.321,-0.00040999998,0,-0.04841,1,0,-1,0,0,false,false,false,174.4,-4442.33,155.31999,-0.15585355,-0.2676719,-0.522755,0.79422194,634.761,-891.511,336.061,-3.30961,-1.72911,-0.44581
106.6,226,-4658.07,288.94,0.82249177,-0.19555403,-0.24507305,0.47455776,453.461,132.97101,-782.71094,5.19401,1.5397099,-2.5789099,1,-0.0078125,0,0,0,false,false,false,225.47,-4991.1396,17.01,-0.0035362889,0.0031640478,0.74556226,0.66641897,-109.211,965.34094,8.321,-0.00040999998,0,-0.04361,1,0,-1,0,0,true,false,false,181.29,-4453.61,158.08,-0.15927924,-0.2738274,-0.52289534,0.7913463,826.621,-1353.7109,330.971,-1.52361,-0.93351,-0.37741
106.60833,229.78,-4656.96,282.37,0.82883126,-0.19598024,-0.25960127,0.45523357,453.341,132.931,-787.92096,5.19401,1.5397099,-2.5789099,1,-0.0390625,0,0,0,false,false,false,224.56,-4983.1,17.01,-0.0035362889,0.0031640478,0.7454417,0.66655385,-109.501,970.34094,8.321,-0.00040999998,0,-0.03961,1,0,-1,0,0,true,false,false,188.18,-4464.89,160.8,-0.15854555,-0.27367637,-0.5242656,0.7906389,826.78094,-1354.121,325.881,0.22130999,-0.16160999,-0.30691
106.61667,233.56,-4655.85,275.75998,0.83465266,-0.19628772,-0.27396768,0.43562338,453.221,132.891,-793.131,5.19401,1.5397099,-2.5789099,0,0,0,0,0,true,false,false,223.65,-4975.01,17.01,-0.0035362889,0.0031640478,0.7453307,0.66667795,-109.351,975.34094,8.321,-0.00040999998,-0.00010999999,-0.048109997,1,0,-1,0,0,true,false,false,195.06999,-4476.1797,163.47,-0.15374419,-0.2673698,-0.5268281,0.79204047,826.941,-1354.531,320.791,1.92631,0.58731,-0.23440999
106.625,237.34,-4654.7397,269.11,0.83995014,-0.19647114,-0.28816682,0.41574347,453.10098,132.851,-798.34094,5.19401,1.5397099,-2.5789099,0,0,0,0,0,true,false,false,222.73999,-4966.86,19.539999,-0.0035362889,0.0031640478,0.7451955,0.666829,-109.08099,973.86096,304.001,-0.00061,0,-0.04071,1,0,-1,0,0,true,false,false,201.95999,-4487.4697,166.09999,-0.14493445,-0.25501028,-0.530448,0.7953543,827.10095,-1354.9409,315.691,3.5922098,1.31381,-0.16001
106.64167,244.87999,-4652.52,255.67,0.84897274,-0.19646573,-0.31600946,0.37521216,452.861,132.77101,-808.761,5.19401,1.5397099,-2.5789099,0,0,0,0,0,true,false,false,220.93,-4950.6597,24.71,-0.003536289,0.003169443,0.7449879,0.66706103,-107.851,965.42096,312.041,-0.0010099999,0,-0.03031,1,0,-1,0,0,true,false,false,215.75,-4510.06,171.23999,-0.115629785,-0.21267715,-0.5398404,0.80620736,827.441,-1355.8009,305.451,5.11201,2.02891,-0.00391
106.65,252.45,-4662.9297,253.84,0.84856075,-0.19545153,-0.32100508,0.37242308,1046.7109,-2324.171,-150.80101,0.84391,1.00851,-0.47351,0,0,0,0,0,true,false,false,220.03,-4942.61,27.34,-0.0035362889,0.0031748374,0.7449057,0.6671527,-107.230995,961.2009,316.061,-0.0012099999,0,-0.02661,1,0,-1,0,0,true,false,false,222.01,-4519.44,172.92,-0.106981926,-0.19809498,-0.55335444,0.80194265,751.58093,-1125.881,201.30101,4.13401,1.1087099,-3.13111
106.65833,261.16998,-4682.29,252.54,0.84812,-0.1944265,-0.3259899,0.36962318,1046.4409,-2323.5808,-156.171,0.84391,1.00851,-0.47351,0,0,0,0,0,true,false,false,219.14,-4934.6,30.01,-0.0035416838,0.0031802324,0.74483323,0.6672336,-106.611,956.98096,320.081,-0.0014099999,0,-0.02361,1,0,-1,0,0,true,false,false,228.26999,-4528.83,174.55,-0.09409911,-0.17755151,-0.5671004,0.7987602,751.751,-1126.351,196.121,4.72181,1.42041,-2.43641
106.666664,269.88998,-4701.65,251.18999,0.84765375,-0.1933961,-0.33095852,0.3668071,1046.1709,-2322.991,-161.541,0.84391,1.00851,-0.47351,0,0,0,0,0,false,false,false,218.25,-4926.62,32.71,-0.0035470785,0.003185627,0.7447655,0.6673091,-106.620995,957.09094,324.101,-0.0014099999,0,-0.02361,1,0,-1,0,0,true,false,false,234.54,-4538.2197,176.14,-0.079290316,-0.15486632,-0.57842416,0.7969661,751.91095,-1126.8309,190.921,4.96181,1.55861,-1.7890099
106.675,278.61,-4721,249.79999,0.8471576,-0.19236027,-0.33591634,0.36398014,1045.901,-2322.401,-166.91101,0.84391,1.00851,-0.47351,0,0,0,0,0,false,false,false,217.36,-4918.6396,35.37,-0.0035524734,0.003191022,0.7447026,0.66737926,-106.620995,957.09094,318.681,-0.00131,0,-0.02321,1,0,-1,0,0,false,false,false,240.81,-4547.61,177.69,-0.063429564,-0.13132872,-0.58725005,0.7961574,752.061,-1127.3209,185.69101,5.09801,1.61991,-1.27871
106.683334,287.32,-4740.35,248.36,0.84663165,-0.19131906,-0.3408634,0.3611425,1045.631,-2321.811,-172.281,0.84391,1.00851,-0.47351,0,0,0,0,0,false,false,false,216.47,-4910.6597,37.98,-0.003557868,0.0031964167,0.7446397,0.6674494,-106.620995,957.09094,313.261,-0.0012099999,0,-0.022809999,1,0,-1,0,0,false,false,false,247.08,-4557.01,179.19,-0.046851274,-0.107354164,-0.59396124,0.7959208,752.21094,-1127.8309,180.431,5.17551,1.6360099,-0.88711
106.691666,296.03,-4759.69,246.87999,0.846078,-0.19027247,-0.34579962,0.35828862,1045.361,-2321.221,-177.651,0.84391,1.00851,-0.47351,0,0,0,0,0,false,false,false,215.58,-4902.6797,40.55,-0.003563263,0.0032018118,0.7445768,0.66751957,-106.620995,957.09094,307.841,-0.00111,0,-0.02241,1,0,-1,0,0,false,false,false,253.34999,-4566.4097,180.65,-0.029776705,-0.083169214,-0.59890294,0.7959343,752.36096,-1128.351,175.141,5.2203097,1.6273099,-0.59131
106.7,304.74,-4779.03,245.34999,0.8454958,-0.1892151,-0.35072514,0.355424,1045.091,-2320.6309,-183.021,0.84391,1.00851,-0.47351,0,0,0,0,0,false,false,false,214.69,-4894.6997,43.07,-0.003568658,0.0032072065,0.74451387,0.6675897,-106.620995,957.09094,302.421,-0.0010099999,0,-0.02201,1,0,-1,0,0,false,false,false,259.62,-4575.82,182.06999,-0.012356822,-0.05890329,-0.6023663,0.79594743,752.511,-1128.871,169.811,5.24711,1.60631,-0.37011
106.708336,313.44998,-4798.36,243.78,0.8448837,-0.18815233,-0.3556398,0.35254857,1044.8209,-2320.041,-188.391,0.84391,1.00851,-0.47351,0,0,0,0,0,false,false,false,213.79999,-4886.7197,45.55,-0.0035686577,0.0032126012,0.74445575,0.6676544,-106.620995,957.09094,297.001,-0.00091,0,-0.02161,1,0,-1,0,0,false,false,false,265.88998,-4585.23,183.44,0.0053003873,-0.034626625,-0.6045782,0.79577506,752.65094,-1129.401,164.451,5.26401,1.58041,-0.20571
106.71667,322.15,-4817.69,242.17,0.84424156,-0.18708415,-0.36054367,0.34966236,1044.5509,-2319.451,-193.751,0.84391,1.00851,-0.47351,0,0,-0.9375,-0.3515625,0,true,false,false,212.90999,-4878.7397,47.98,-0.003568658,0.003217996,0.7443977,0.6677192,-106.620995,957.09094,291.581,-0.00081,0,-0.02121,1,0,-1,0,0,false,false,false,272.16,-4594.65,184.76999,0.023124877,-0.010376932,-0.6057165,0.7952766,752.79095,-1129.9309,159.061,5.27521,1.55381,-0.08411
106.725,330.85,-4837.01,240.51,0.84357196,-0.18601058,-0.3654314,0.34676534,1044.281,-2318.8608,-199.11101,0.84391,1.00851,-0.47351,0,0,-0.9375,-0.3515625,0,true,false,false,213.59999,-4866.67,50.36,-0.0068864995,0.010441627,0.7442064,0.66783243,82.881,1448.641,286.161,-1.82251,0.56401,-0.054909997,1,0,-1,0,0,false,false,false,278.43,-4604.07,186.05,0.041057263,0.0138188545,-0.6059107,0.7943522,752.93097,-1130.4609,153.631,5.28321,1.52871,0.0054099998
106.74167,348.25,-4875.6396,237.06,0.84214854,-0.18384188,-0.37517443,0.3409281,1043.741,-2317.681,-209.83101,0.84391,1.00851,-0.47351,0,0,-0.9375,-0.3515625,0,true,false,false,214.98,-4842.53,54.989998,-0.02328672,0.045696788,0.74275583,0.667595,82.881,1448.641,275.321,-5.26191,1.59621,-0.11791,1,0,-1,0,0,false,false,false,290.99,-4622.92,188.47,0.07707301,0.061983764,-0.60384995,0.79093796,753.21094,-1131.521,142.681,5.29381,1.48681,0.11921
106.75,356.94998,-4894.9497,235.26999,0.84139496,-0.18274674,-0.38002434,0.33799332,1043.471,-2317.0908,-215.19101,0.84391,1.00851,-0.47351,0,0,-0.9375,-0.3515625,0,true,false,false,215.67,-4830.46,57.239998,-0.03612638,0.07301612,0.7408854,0.6666725,82.881,1448.641,269.901,-5.26641,1.58191,-0.11190999,1,0,-1,0,0,false,false,false,297.27,-4632.35,189.2,0.09508092,0.08592056,-0.60172975,0.7883518,753.35095,-1132.0409,87.211,5.2975097,1.47041,0.15421
106.75833,365.63998,-4914.25,233.43,0.84061146,-0.18164615,-0.38486353,0.33504778,1043.2009,-2316.501,-220.551,0.84391,1.00851,-0.47351,0,0,-0.9375,-0.3515625,0,true,false,false,216.36,-4818.3896,59.44,-0.04898762,0.10024384,0.7383502,0.6651243,82.881,1448.641,264.481,-5.26951,1.57171,-0.106809996,1,0,-1,0,0,false,false,false,303.55,-4641.79,189.62999,0.113045685,0.10974407,-0.5989461,0.7851372,753.49097,-1132.5509,51.130997,5.30051,1.45671,0.17961
106.76667,374.33,-4933.55,231.54999,0.8398004,-0.18054022,-0.38968652,0.33209142,1042.9309,-2315.911,-225.911,0.84391,1.00851,-0.47351,1,0,0,0,0,false,false,false,217.04999,-4806.32,61.6,-0.0618435,0.12736355,0.7351488,0.6629555,82.881,1448.641,259.061,-5.27171,1.56451,-0.10251,1,0,-1,0,0,false,false,false,309.83,-4651.23,189.86,0.13094568,0.13344347,-0.5955257,0.78127784,753.631,-1133.0509,27.640999,5.30291,1.44541,0.19801
106.775,383.02,-4952.84,229.62,0.8389596,-0.17942889,-0.39449868,0.32912427,1042.661,-2315.321,-231.271,0.84391,1.00851,-0.47351,1,0,0,0,0,false,false,false,217.73999,-4794.2397,63.71,-0.07465619,0.1543592,0.7313595,0.66008556,82.811,1449.1709,253.501,-5.2719097,1.56511,-0.07931,1,0,-1,0,0,false,false,false,316.11,-4660.6797,189.95999,0.148754,0.15699725,-0.5915012,0.7767563,753.77094,-1133.5409,12.341001,5.3049097,1.4363099,0.21131
106.78333,391.71,-4972.13,227.65,0.83808875,-0.17831218,-0.39930007,0.3261464,1042.391,-2314.731,-236.621,0.84391,1.00851,-0.47351,1,0,0,0,0,false,false,false,218.43,-4782.1597,65.78,-0.08740952,0.18120918,0.72696865,0.65653574,82.741,1449.6909,247.911,-5.27171,1.56661,-0.062109996,1,0,-1,0,0,false,false,false,322.38998,-4670.13,189.98,0.1664544,0.18038917,-0.586894,0.77156204,753.91095,-1134.021,2.3709998,5.30651,1.42901,0.22081
106.791664,400.38998,-4991.4097,225.62999,0.83719045,-0.17719005,-0.40408522,0.32315764,1042.121,-2314.1409,-241.97101,0.84391,1.00851,-0.47351,1,0,0,0,0,false,false,false,219.12,-4770.07,67.799995,-0.10008733,0.20789191,0.72195894,0.65233314,82.671,1450.2009,242.291,-5.27131,1.5685099,-0.049409997,1,0,-1,0,0,false,false,false,328.66998,-4679.58,189.95,0.18401985,0.20360304,-0.5817149,0.76569575,754.04095,-1134.491,-4.131,5.3077097,1.42311,0.22760999
106.8,409.06998,-5010.69,223.56999,0.8362648,-0.17606254,-0.40885428,0.32015803,1041.851,-2313.551,-247.321,0.84391,1.00851,-0.47351,1,0,0,0,0,false,false,false,219.81,-4757.98,69.77,-0.11267344,0.23438594,0.7163235,0.64749396,82.590996,1450.7009,236.641,-5.2708097,1.57051,-0.040009998,1,0,-1,0,0,false,false,false,334.94998,-4689.04,189.87999,0.20142896,0.22662275,-0.5759803,0.75915414,754.17096,-1134.9409,-8.391,5.3088098,1.41851,0.23241
106.808334,417.75,-5029.96,221.45999,0.83531034,-0.17492424,-0.4136125,0.31714776,1041.5809,-2312.961,-252.671,0.84391,1.00851,-0.47351,1,0,0,0,0,false,false,false,220.5,-4745.89,71.689995,-0.12515703,0.26066947,0.7100555,0.6420344,82.510994,1451.1809,230.961,-5.27031,1.57241,-0.03321,1,0,-1,0,0,false,false,false,341.24,-4698.5,189.79,0.21866542,0.24942663,-0.56970614,0.75193524,754.30096,-1135.371,-11.191,5.30961,1.41491,0.23581
106.816666,426.43,-5049.23,219.31,0.8343284,-0.17378053,-0.41835448,0.31412664,1041.3109,-2312.3708,-258.021,0.84391,1.00851,-0.47351,1,0,0,0,0,false,false,false,221.19,-4733.79,73.57,-0.13752195,0.28671023,0.7031592,0.6359653,82.431,1451.651,225.251,-5.2698097,1.5742099,-0.02821,1,0,-1,0,0,false,false,false,347.53,-4707.96,189.68,0.23571306,0.27199852,-0.56289786,0.74404436,754.42096,-1135.781,-13.031,5.3102098,1.41201,0.23821
106.825,435.11,-5068.4897,217.12,0.8333167,-0.17263146,-0.42308578,0.3110948,1041.0409,-2311.781,-263.371,0.84391,1.00851,-0.47351,1,0,0,0,0,false,false,false,221.87999,-4721.69,75.4,-0.14975744,0.31249207,0.69563377,0.62929726,82.340996,1452.101,219.521,-5.26931,1.5757099,-0.02461,1,0,-1,0,0,false,false,false,353.82,-4717.4297,189.56,0.25255564,0.29431692,-0.5555664,0.7354857,754.54095,-1136.1709,-14.251,5.31081,1.40981,0.23990999
106.833336,443.78,-5087.75,214.87999,0.83227754,-0.17147696,-0.42780083,0.30805212,1040.771,-2311.191,-268.721,0.84391,1.00851,-0.47351,1,0,0,0,0,false,false,false,222.56999,-4709.59,77.18,-0.16185799,0.33798793,0.6874814,0.6220412,82.251,1452.5309,213.771,-5.26901,1.5770099,-0.02201,1,0,-1,0,0,false,false,false,360.11,-4726.9,189.43,0.26917166,0.31636012,-0.5477223,0.7262665,754.65094,-1136.5409,-15.071,5.3112097,1.40811,0.24101
106.84167,452.44998,-5107,212.59999,0.831211,-0.17031702,-0.4324997,0.30499864,1040.501,-2310.6008,-274.061,0.84391,1.00851,-0.47351,1,0,0,0,0,false,false,false,223.25,-4697.48,78.909996,-0.17380753,0.36317635,0.67870635,0.61420804,82.151,1452.9409,207.991,-5.26861,1.57811,-0.02011,1,0,-1,0,0,false,false,false,366.4,-4736.37,189.3,0.28554496,0.33811742,-0.53937644,0.7163893,754.761,-1136.881,-15.6310005,5.31151,1.4068099,0.24181
106.85,461.12,-5126.25,210.26999,0.8301144,-0.16915177,-0.43718788,0.30193442,1040.231,-2310.011,-279.401,0.84391,1.00851,-0.47351,1,0,0,0,0,false,false,false,223.93,-4685.37,80.59,-0.1855952,0.38803035,0.6693204,0.60580283,82.041,1453.3309,202.19101,-5.2684097,1.57901,-0.01881,1,0,-1,0,0,false,false,false,372.69,-4745.85,189.17,0.30166468,0.3595618,-0.53053975,0.7058619,754.86096,-1137.2009,-16.011,5.31171,1.40581,0.24230999
106.85833,469.78998,-5145.4897,207.9,0.82899046,-0.16798109,-0.44185978,0.2988594,1039.9609,-2309.421,-284.741,0.84391,1.00851,-0.47351,1,0,0,0,0,false,false,false,224.61,-4673.26,82.229996,-0.19721022,0.41253358,0.65932053,0.59684205,81.931,1453.7009,196.371,-5.26821,1.57971,-0.01791,1,0,-1,0,0,false,false,false,378.97998,-4755.33,189.03,0.31750923,0.38067716,-0.5212175,0.6946978,754.96094,-1137.491,-16.280998,5.3119097,1.40501,0.24271
106.875,487.11,-5183.96,203.01999,0.8266608,-0.16562356,-0.45115504,0.29267687,1039.4209,-2308.241,-295.421,0.84391,1.00851,-0.47351,1,0,0,0,0,false,false,false,225.97,-4649.02,84.799995,-0.21989006,0.46038562,0.637527,0.57728046,81.681,1454.361,117.991,-5.26791,1.58081,-0.01671,1,0,-1,0,0,false,false,false,391.56,-4774.29,188.75,0.34832987,0.4218504,-0.5011489,0.6704911,755.131,-1137.991,-16.610998,5.31221,1.4039099,0.24301
106.88333,495.77,-5203.19,200.51,0.825455,-0.16443671,-0.45577842,0.28956947,1039.151,-2307.651,-300.761,0.84391,1.00851,-0.47351,1,0,0,0,0,false,false,false,226.65,-4636.9,85.39,-0.23093323,0.4836912,0.62575424,0.5666958,81.541,1454.651,70.821,-5.2677097,1.58111,-0.01641,1,0,-1,0,0,false,false,false,397.85,-4783.77,188.61,0.36327344,0.44187057,-0.4904239,0.6574702,755.201,-1138.2009,-16.720999,5.3123097,1.40361,0.24310999
